"STATION","NAME","LATITUDE","LONGITUDE","ELEVATION","DATE","AWND","AWND_ATTRIBUTES","PGTM","PGTM_ATTRIBUTES","PRCP","PRCP_ATTRIBUTES","SNOW","SNOW_ATTRIBUTES","SNWD","SNWD_ATTRIBUTES","TAVG","TAVG_ATTRIBUTES","TMAX","TMAX_ATTRIBUTES","TMIN","TMIN_ATTRIBUTES","WDF2","WDF2_ATTRIBUTES","WDF5","WDF5_ATTRIBUTES","WSF2","WSF2_ATTRIBUTES","WSF5","WSF5_ATTRIBUTES","WT01","WT01_ATTRIBUTES","WT02","WT02_ATTRIBUTES","WT03","WT03_ATTRIBUTES","WT04","WT04_ATTRIBUTES","WT05","WT05_ATTRIBUTES","WT06","WT06_ATTRIBUTES","WT08","WT08_ATTRIBUTES","WT09","WT09_ATTRIBUTES"
"USW00014732","LAGUARDIA AIRPORT, NY US","40.77945","-73.88027","3.0","2022-01-01","6.26",",,W",,,"0.76",",,W,2400","0.0",",,W,2400","0.0",",,W,2400","53","H,,S","57",",,W","50",",,W","  200",",,W","  200",",,W","14.1",",,W","17.0",",,W","    1",",,W",,,,,,,,,,,,,,
"USW00014732","LAGUARDIA AIRPORT, NY US","40.77945","-73.88027","3.0","2022-01-02","9.62",",,W",,,"0.04",",,W,2400","0.0",",,W,2400","0.0",",,W,2400","53","H,,S","60",",,W","39",",,W","  310",",,W","  310",",,W","28.0",",,W","33.1",",,W","    1",",,W",,,,,,,,,,,,,,
"USW00014732","LAGUARDIA AIRPORT, NY US","40.77945","-73.88027","3.0","2022-01-03","14.32",",,W",,,"0.00",",,W,2400","0.0",",,W,2400","0.0",",,W,2400","35","H,,S","39",",,W","24",",,W","  340",",,W","  350",",,W","28.0",",,W","34.0",",,W",,,,,,,,,,,,,,,,
"USW00014732","LAGUARDIA AIRPORT, NY US","40.77945","-73.88027","3.0","2022-01-04","8.72",",,W",,,"0.00",",,W,2400","0.0",",,W,2400","0.0",",,W,2400","27","H,,S","36",",,W","21",",,W","  320",",,W","  350",",,W","19.9",",,W","27.1",",,W",,,,,,,,,,,,,,,,
"USW00014732","LAGUARDIA AIRPORT, NY US","40.77945","-73.88027","3.0","2022-01-05","7.61",",,W",,,"0.24",",,W,2400","0.0","T,,W,2400","0.0","T,,W,2400","38","H,,S","48",",,W","32",",,W","  250",",,W","  200",",,W","15.0",",,W","23.9",",,W","    1",",,W",,,,,,,,,,,"    1",",,W",,
"USW00014732","LAGUARDIA AIRPORT, NY US","40.77945","-73.88027","3.0","2022-01-06","11.18",",,W",,,"0.00",",,W,2400","0.0",",,W,2400","0.0",",,W,2400","41","H,,S","43",",,W","36",",,W","  290",",,W","  270",",,W","28.0",",,W","33.1",",,W",,,,,,,,,,,,,,,,
"USW00014732","LAGUARDIA AIRPORT, NY US","40.77945","-73.88027","3.0","2022-01-07","18.57",",,W",,,"0.33",",,W,2400","9.7",",,W,2400","7.9",",,W,2400","33","H,,S","36",",,W","28",",,W","  300",",,W","  290",",,W","29.1",",,W","38.9",",,W","    1",",,W",,,,,,,,,,,,,,
"USW00014732","LAGUARDIA AIRPORT, NY US","40.77945","-73.88027","3.0","2022-01-08","10.74",",,W",,,"0.00",",,W,2400","0.0",",,W,2400","5.1",",,W,2400","27","H,,S","32",",,W","23",",,W","  310",",,W","  300",",,W","28.0",",,W","35.1",",,W",,,,,,,,,,,,,,,,
"USW00014732","LAGUARDIA AIRPORT, NY US","40.77945","-73.88027","3.0","2022-01-09","10.96",",,W",,,"0.11",",,W,2400","0.0",",,W,2400","3.1",",,W,2400","35","H,,S","42",",,W","30",",,W","  210",",,W","  210",",,W","21.0",",,W","27.1",",,W",,,,,,,,,,,,,,,,
"USW00014732","LAGUARDIA AIRPORT, NY US","40.77945","-73.88027","3.0","2022-01-10","16.78",",,W",,,"0.00",",,W,2400","0.0",",,W,2400","0.0",",,W,2400","35","H,,S","42",",,W","26",",,W","  310",",,W","  320",",,W","25.9",",,W","35.1",",,W",,,,,,,,,,,,,,,,
"USW00014732","LAGUARDIA AIRPORT, NY US","40.77945","-73.88027","3.0","2022-01-11","14.32",",,W",,,"0.00","T,,W,2400","0.0","T,,W,2400","0.0","T,,W,2400","22","H,,S","26",",,W","17",",,W","  320",",,W","  310",",,W","28.0",",,W","36.9",",,W",,,,,,,,,,,,,,,,
"USW00014732","LAGUARDIA AIRPORT, NY US","40.77945","-73.88027","3.0","2022-01-12","9.84",",,W",,,"0.00",",,W,2400","0.0",",,W,2400","0.0",",,W,2400","29","H,,S","42",",,W","20",",,W","  220",",,W","  220",",,W","19.9",",,W","25.1",",,W",,,,,,,,,,,,,,,,
"USW00014732","LAGUARDIA AIRPORT, NY US","40.77945","-73.88027","3.0","2022-01-13","5.82",",,W",,,"0.00",",,W,2400","0.0",",,W,2400","0.0",",,W,2400","39","H,,S","46",",,W","33",",,W","   50",",,W","   60",",,W","13.0",",,W","17.0",",,W",,,,,,,,,,,,,,,,
"USW00014732","LAGUARDIA AIRPORT, NY US","40.77945","-73.88027","3.0","2022-01-14","17.00",",,W",,,"0.00",",,W,2400","0.0",",,W,2400","0.0",",,W,2400","41","H,,S","43",",,W","22",",,W","  350",",,W","  360",",,W","30.0",",,W","40.9",",,W",,,,,,,,,,,,,,,,
"USW00014732","LAGUARDIA AIRPORT, NY US","40.77945","-73.88027","3.0","2022-01-15","12.97",",,W",,,"0.00",",,W,2400","0.0",",,W,2400","0.0",",,W,2400","20","H,,S","22",",,W","13",",,W","  330",",,W","  330",",,W","23.9",",,W","31.1",",,W",,,,,,,,,,,,,,,,
"USW00014732","LAGUARDIA AIRPORT, NY US","40.77945","-73.88027","3.0","2022-01-16","12.30",",,W",,,"0.36",",,W,2400","0.6",",,W,2400","0.0",",,W,2400","18","H,,S","40",",,W","10",",,W","   50",",,W","   80",",,W","23.0",",,W","29.1",",,W","    1",",,W",,,,,,,,,,,,,,
"USW00014732","LAGUARDIA AIRPORT, NY US","40.77945","-73.88027","3.0","2022-01-17","19.24",",,W",,,"1.06",",,W,2400","0.0","T,,W,2400","0.0",",,W,2400","39","H,,S","46",",,W","35",",,W","   60",",,W","   60",",,W","36.0",",,W","42.9",",,W","    1",",,W",,,,,,,,,,,"    1",",,W",,
"USW00014732","LAGUARDIA AIRPORT, NY US","40.77945","-73.88027","3.0","2022-01-18","18.79",",,W",,,"0.00",",,W,2400","0.0",",,W,2400","0.0",",,W,2400","35","H,,S","38",",,W","31",",,W","  310",",,W","  300",",,W","33.1",",,W","42.9",",,W",,,,,,,,,,,,,,,,
"USW00014732","LAGUARDIA AIRPORT, NY US","40.77945","-73.88027","3.0","2022-01-19","10.51",",,W",,,"0.00",",,W,2400","0.0",",,W,2400","0.0",",,W,2400","38","H,,S","51",",,W","29",",,W","  200",",,W","  200",",,W","21.0",",,W","29.1",",,W",,,,,,,,,,,,,"    1",",,W",,
"USW00014732","LAGUARDIA AIRPORT, NY US","40.77945","-73.88027","3.0","2022-01-20","12.08",",,W",,,"0.25",",,W,2400","0.3",",,W,2400","0.0",",,W,2400","41","H,,S","47",",,W","23",",,W","  350",",,W","  340",",,W","21.9",",,W","27.1",",,W","    1",",,W",,,,,,,,,,,,,,
"USW00014732","LAGUARDIA AIRPORT, NY US","40.77945","-73.88027","3.0","2022-01-21","13.87",",,W",,,"0.00",",,W,2400","0.0",",,W,2400","0.0",",,W,2400","21","H,,S","23",",,W","15",",,W","   10",",,W","   20",",,W","25.1",",,W","31.1",",,W",,,,,,,,,,,,,,,,
"USW00014732","LAGUARDIA AIRPORT, NY US","40.77945","-73.88027","3.0","2022-01-22","7.61",",,W",,,"0.00",",,W,2400","0.0",",,W,2400","0.0",",,W,2400","21","H,,S","30",",,W","14",",,W","   20",",,W","   30",",,W","16.1",",,W","19.9",",,W",,,,,,,,,,,,,,,,
"USW00014732","LAGUARDIA AIRPORT, NY US","40.77945","-73.88027","3.0","2022-01-23","9.40",",,W",,,"0.01",",,W,2400","0.2",",,W,2400","0.0",",,W,2400","31","H,,S","38",",,W","26",",,W","  240",",,W","  270",",,W","19.9",",,W","27.1",",,W",,,,,,,,,,,,,"    1",",,W",,
"USW00014732","LAGUARDIA AIRPORT, NY US","40.77945","-73.88027","3.0","2022-01-24","8.05",",,W",,,"0.00","T,,W,2400","0.2",",,W,2400","0.0","T,,W,2400","32","H,,S","38",",,W","28",",,W","  190",",,W","  340",",,W","15.0",",,W","19.0",",,W",,,,,,,,,,,,,"    1",",,W",,
"USW00014732","LAGUARDIA AIRPORT, NY US","40.77945","-73.88027","3.0","2022-01-25","10.51",",,W",,,"0.00",",,W,2400","0.0",",,W,2400","0.0",",,W,2400","38","H,,S","43",",,W","30",",,W","  300",",,W","  200",",,W","21.0",",,W","28.0",",,W",,,,,,,,,,,,,"    1",",,W",,
"USW00014732","LAGUARDIA AIRPORT, NY US","40.77945","-73.88027","3.0","2022-01-26","12.53",",,W",,,"0.00",",,W,2400","0.0",",,W,2400","0.0",",,W,2400","28","H,,S","30",",,W","21",",,W","  320",",,W","  320",",,W","23.9",",,W","32.0",",,W",,,,,,,,,,,,,,,,
"USW00014732","LAGUARDIA AIRPORT, NY US","40.77945","-73.88027","3.0","2022-01-27","8.28",",,W",,,"0.00",",,W,2400","0.0",",,W,2400","0.0",",,W,2400","24","H,,S","32",",,W","18",",,W","  160",",,W","  180",",,W","17.0",",,W","21.0",",,W",,,,,,,,,,,,,,,,
"USW00014732","LAGUARDIA AIRPORT, NY US","40.77945","-73.88027","3.0","2022-01-28","7.83",",,W",,,"0.11",",,W,2400","1.3",",,W,2400","0.0",",,W,2400","32","H,,S","35",",,W","30",",,W","   30",",,W","   30",",,W","18.1",",,W","25.1",",,W","    1",",,W",,,,,,,,,,,"    1",",,W",,
"USW00014732","LAGUARDIA AIRPORT, NY US","40.77945","-73.88027","3.0","2022-01-29","22.82",",,W",,,"0.49",",,W,2400","8.1",",,W,2400","5.1",",,W,2400","23","H,,S","30",",,W","15",",,W","  340",",,W","  350",",,W","32.0",",,W","46.1",",,W","    1",",,W",,,,,,,,,,,"    1",",,W","    1",",,W"
"USW00014732","LAGUARDIA AIRPORT, NY US","40.77945","-73.88027","3.0","2022-01-30","13.65",",,W",,,"0.00",",,W,2400","0.0",",,W,2400","7.1",",,W,2400","19","H,,S","27",",,W","14",",,W","  310",",,W","  310",",,W","28.0",",,W","36.9",",,W",,,,,,,,,,,,,,,,
"USW00014732","LAGUARDIA AIRPORT, NY US","40.77945","-73.88027","3.0","2022-01-31","6.49",",,W",,,"0.00",",,W,2400","0.0",",,W,2400","5.9",",,W,2400","26","H,,S","30",",,W","19",",,W","   50",",,W","   60",",,W","10.1",",,W","16.1",",,W",,,,,,,,,,,,,,,,
"USW00014732","LAGUARDIA AIRPORT, NY US","40.77945","-73.88027","3.0","2022-02-01","7.61",",,W",,,"0.00",",,W,2400","0.0",",,W,2400","5.1",",,W,2400","29","H,,S","37",",,W","24",",,W","   60",",,W","   60",",,W","15.0",",,W","21.0",",,W",,,,,,,,,,,,,,,,
"USW00014732","LAGUARDIA AIRPORT, NY US","40.77945","-73.88027","3.0","2022-02-02","5.14",",,W",,,"0.00",",,W,2400","0.0",",,W,2400","3.9",",,W,2400","36","H,,S","42",",,W","31",",,W","   40",",,W","   60",",,W","10.1",",,W","13.0",",,W","    1",",,W",,,,,,,,,,,"    1",",,W",,
"USW00014732","LAGUARDIA AIRPORT, NY US","40.77945","-73.88027","3.0","2022-02-03","5.82",",,W",,,"0.42",",,W,2400","0.0",",,W,2400","2.0",",,W,2400","44","H,,S","48",",,W","39",",,W","  190",",,W","  170",",,W","10.1",",,W","14.1",",,W","    1",",,W","    1",",,W",,,,,,,,,"    1",",,W",,
"USW00014732","LAGUARDIA AIRPORT, NY US","40.77945","-73.88027","3.0","2022-02-04","11.86",",,W",,,"0.74",",,W,2400","0.0","T,,W,2400","0.0",",,W,2400","42","H,,S","55",",,W","28",",,W","  310",",,W","  320",",,W","23.9",",,W","28.0",",,W","    1",",,W",,,,,,,,,"    1",",,W",,,,
"USW00014732","LAGUARDIA AIRPORT, NY US","40.77945","-73.88027","3.0","2022-02-05","17.67",",,W",,,"0.00",",,W,2400","0.0","T,,W,2400","0.0",",,W,2400","27","H,,S","29",",,W","21",",,W","  310",",,W","  300",",,W","29.1",",,W","36.0",",,W",,,,,,,,,,,,,,,,
"USW00014732","LAGUARDIA AIRPORT, NY US","40.77945","-73.88027","3.0","2022-02-06","7.16",",,W",,,"0.00",",,W,2400","0.0",",,W,2400","0.0",",,W,2400","23","H,,S","32",",,W","17",",,W","  180",",,W","  180",",,W","14.1",",,W","18.1",",,W",,,,,,,,,,,,,,,,
"USW00014732","LAGUARDIA AIRPORT, NY US","40.77945","-73.88027","3.0","2022-02-07","6.93",",,W",,,"0.15",",,W,2400","0.0","T,,W,2400","0.0","T,,W,2400","33","H,,S","40",",,W","31",",,W","   40",",,W","   50",",,W","13.0",",,W","17.0",",,W","    1",",,W",,,,,"    1",",,W",,,,,"    1",",,W",,
"USW00014732","LAGUARDIA AIRPORT, NY US","40.77945","-73.88027","3.0","2022-02-08","12.75",",,W",,,"0.08",",,W,2400","0.0",",,W,2400","0.0",",,W,2400","39","H,,S","47",",,W","34",",,W","  310",",,W","  310",",,W","25.9",",,W","32.0",",,W","    1",",,W",,,,,,,,,,,,,,
"USW00014732","LAGUARDIA AIRPORT, NY US","40.77945","-73.88027","3.0","2022-02-09","8.28",",,W",,,"0.00",",,W,2400","0.0",",,W,2400","0.0",",,W,2400","37","H,,S","44",",,W","31",",,W","  270",",,W","  260",",,W","17.0",",,W","23.9",",,W",,,,,,,,,,,,,,,,
"USW00014732","LAGUARDIA AIRPORT, NY US","40.77945","-73.88027","3.0","2022-02-10","9.84",",,W",,,"0.00",",,W,2400","0.0",",,W,2400","0.0",",,W,2400","43","H,,S","56",",,W","34",",,W","  270",",,W","  270",",,W","28.0",",,W","36.0",",,W","    1",",,W",,,,,,,,,,,"    1",",,W",,
"USW00014732","LAGUARDIA AIRPORT, NY US","40.77945","-73.88027","3.0","2022-02-11","11.18",",,W",,,"0.00",",,W,2400","0.0",",,W,2400","0.0",",,W,2400","47","H,,S","56",",,W","37",",,W","  170",",,W","  170",",,W","25.1",",,W","33.1",",,W",,,,,,,,,,,,,,,,
"USW00014732","LAGUARDIA AIRPORT, NY US","40.77945","-73.88027","3.0","2022-02-12","13.20",",,W",,,"0.00",",,W,2400","0.0",",,W,2400","0.0",",,W,2400","53","H,,S","60",",,W","42",",,W","  260",",,W","  270",",,W","25.1",",,W","33.1",",,W",,,,,,,,,,,,,,,,
"USW00014732","LAGUARDIA AIRPORT, NY US","40.77945","-73.88027","3.0","2022-02-13","10.51",",,W",,,"0.19",",,W,2400","2.4",",,W,2400","1.2",",,W,2400","37","H,,S","42",",,W","26",",,W","  350",",,W","  320",",,W","18.1",",,W","25.9",",,W","    1",",,W",,,,,,,,,,,"    1",",,W",,
"USW00014732","LAGUARDIA AIRPORT, NY US","40.77945","-73.88027","3.0","2022-02-14","17.67",",,W",,,"0.00",",,W,2400","0.0",",,W,2400","2.0",",,W,2400","24","H,,S","27",",,W","18",",,W","  320",",,W","  300",",,W","25.9",",,W","34.0",",,W",,,,,,,,,,,,,,,,
"USW00014732","LAGUARDIA AIRPORT, NY US","40.77945","-73.88027","3.0","2022-02-15","10.96",",,W",,,"0.00",",,W,2400","0.0",",,W,2400","0.0","T,,W,2400","24","H,,S","32",",,W","18",",,W","  310",",,W","  320",",,W","21.0",",,W","25.1",",,W",,,,,,,,,,,,,,,,
"USW00014732","LAGUARDIA AIRPORT, NY US","40.77945","-73.88027","3.0","2022-02-16","10.07",",,W",,,"0.00",",,W,2400","0.0",",,W,2400","0.0",",,W,2400","35","H,,S","47",",,W","27",",,W","  190",",,W","  180",",,W","19.9",",,W","25.1",",,W",,,,,,,,,,,,,,,,
"USW00014732","LAGUARDIA AIRPORT, NY US","40.77945","-73.88027","3.0","2022-02-17","12.53",",,W",,,"0.30",",,W,2400","0.0",",,W,2400","0.0",",,W,2400","53","H,,S","63",",,W","47",",,W","  160",",,W","  210",",,W","21.0",",,W","28.0",",,W","    1",",,W",,,,,,,,,,,,,,
"USW00014732","LAGUARDIA AIRPORT, NY US","40.77945","-73.88027","3.0","2022-02-18","20.36",",,W",,,"0.25",",,W,2400","0.0",",,W,2400","0.0",",,W,2400","50","H,,S","63",",,W","28",",,W","  320",",,W","  310",",,W","36.9",",,W","50.1",",,W",,,,,,,,,,,,,,,,
"USW00014732","LAGUARDIA AIRPORT, NY US","40.77945","-73.88027","3.0","2022-02-19","17.00",",,W",,,"0.00","T,,W,2400","0.0","T,,W,2400","0.0",",,W,2400","32","H,,S","41",",,W","25",",,W","  300",",,W","  290",",,W","36.9",",,W","46.1",",,W",,,,,,,,,,,,,,,,
"USW00014732","LAGUARDIA AIRPORT, NY US","40.77945","-73.88027","3.0","2022-02-20","12.97",",,W",,,"0.00",",,W,2400","0.0",",,W,2400","0.0",",,W,2400","27","H,,S","36",",,W","22",",,W","  310",",,W","  310",",,W","35.1",",,W","49.0",",,W",,,,,,,,,,,,,,,,
"USW00014732","LAGUARDIA AIRPORT, NY US","40.77945","-73.88027","3.0","2022-02-21","7.61",",,W",,,"0.00",",,W,2400","0.0",",,W,2400","0.0",",,W,2400","39","H,,S","54",",,W","33",",,W","  210",",,W","  220",",,W","16.1",",,W","23.0",",,W",,,,,,,,,,,,,,,,
"USW00014732","LAGUARDIA AIRPORT, NY US","40.77945","-73.88027","3.0","2022-02-22","10.07",",,W",,,"0.23",",,W,2400","0.0",",,W,2400","0.0",",,W,2400","42","H,,S","56",",,W","36",",,W","  170",",,W","  180",",,W","23.0",",,W","31.1",",,W","    1",",,W","    1",",,W",,,,,,,,,"    1",",,W",,
"USW00014732","LAGUARDIA AIRPORT, NY US","40.77945","-73.88027","3.0","2022-02-23","14.32",",,W",,,"0.00","T,,W,2400","0.0",",,W,2400","0.0",",,W,2400","58","H,,S","68",",,W","36",",,W","  320",",,W","  320",",,W","32.0",",,W","40.0",",,W",,,,,,,,,,,,,,,,
"USW00014732","LAGUARDIA AIRPORT, NY US","40.77945","-73.88027","3.0","2022-02-24","10.74",",,W",,,"0.00","T,,W,2400","0.0","T,,W,2400","0.0",",,W,2400","34","H,,S","36",",,W","29",",,W","  330",",,W","  330",",,W","21.0",",,W","25.9",",,W",,,,,,,,,,,,,,,,
"USW00014732","LAGUARDIA AIRPORT, NY US","40.77945","-73.88027","3.0","2022-02-25","14.76",",,W",,,"0.82",",,W,2400","0.3",",,W,2400","0.0","T,,W,2400","33","H,,S","43",",,W","27",",,W","  320",",,W","  320",",,W","25.9",",,W","35.1",",,W","    1",",,W",,,,,"    1",",,W",,,"    1",",,W",,,,
"USW00014732","LAGUARDIA AIRPORT, NY US","40.77945","-73.88027","3.0","2022-02-26","11.18",",,W",,,"0.00",",,W,2400","0.0",",,W,2400","0.0",",,W,2400","30","H,,S","38",",,W","24",",,W","  320",",,W","  310",",,W","23.9",",,W","32.0",",,W",,,,,,,,,,,,,,,,
"USW00014732","LAGUARDIA AIRPORT, NY US","40.77945","-73.88027","3.0","2022-02-27","16.11",",,W",,,"0.00",",,W,2400","0.0",",,W,2400","0.0",",,W,2400","36","H,,S","48",",,W","30",",,W","  310",",,W","  250",",,W","30.0",",,W","42.9",",,W",,,,,,,,,,,,,,,,
"USW00014732","LAGUARDIA AIRPORT, NY US","40.77945","-73.88027","3.0","2022-02-28","11.63",",,W",,,"0.00",",,W,2400","0.0",",,W,2400","0.0",",,W,2400","33","H,,S","36",",,W","27",",,W","  320",",,W","  320",",,W","25.1",",,W","35.1",",,W",,,,,,,,,,,,,,,,
"USW00014732","LAGUARDIA AIRPORT, NY US","40.77945","-73.88027","3.0","2022-03-01","9.40",",,W",,,"0.00",",,W,2400","0.0",",,W,2400","0.0",",,W,2400","37","H,,S","48",",,W","31",",,W","  170",",,W","  190",",,W","23.0",",,W","29.1",",,W",,,,,,,,,,,,,,,,
"USW00014732","LAGUARDIA AIRPORT, NY US","40.77945","-73.88027","3.0","2022-03-02","10.51",",,W",,,"0.00",",,W,2400","0.0",",,W,2400","0.0",",,W,2400","46","H,,S","53",",,W","40",",,W","  310",",,W","  310",",,W","18.1",",,W","23.0",",,W",,,,,,,,,,,,,,,,
"USW00014732","LAGUARDIA AIRPORT, NY US","40.77945","-73.88027","3.0","2022-03-03","18.34",",,W",,,"0.03",",,W,2400","0.0",",,W,2400","0.0",",,W,2400","42","H,,S","48",",,W","25",",,W","  310",",,W","  320",",,W","30.0",",,W","38.0",",,W",,,,,,,,,,,,,,,,
"USW00014732","LAGUARDIA AIRPORT, NY US","40.77945","-73.88027","3.0","2022-03-04","9.40",",,W",,,"0.00",",,W,2400","0.0",",,W,2400","0.0",",,W,2400","29","H,,S","38",",,W","22",",,W","  340",",,W","  310",",,W","21.0",",,W","25.1",",,W",,,,,,,,,,,,,,,,
"USW00014732","LAGUARDIA AIRPORT, NY US","40.77945","-73.88027","3.0","2022-03-05","6.71",",,W",,,"0.00",",,W,2400","0.0",",,W,2400","0.0",",,W,2400","38","H,,S","45",",,W","31",",,W","  160",",,W","  180",",,W","18.1",",,W","23.0",",,W",,,,,,,,,,,,,,,,
"USW00014732","LAGUARDIA AIRPORT, NY US","40.77945","-73.88027","3.0","2022-03-06","10.51",",,W",,,"0.05",",,W,2400","0.0",",,W,2400","0.0",",,W,2400","49","H,,S","68",",,W","39",",,W","  220",",,W","  210",",,W","21.9",",,W","29.1",",,W",,,,,,,,,,,,,,,,
"USW00014732","LAGUARDIA AIRPORT, NY US","40.77945","-73.88027","3.0","2022-03-07","13.87",",,W",,,"0.05",",,W,2400","0.0",",,W,2400","0.0",",,W,2400","65","H,,S","74",",,W","50",",,W","  290",",,W","  290",",,W","45.0",",,W","55.9",",,W",,,,,,,,,,,,,,,,
"USW00014732","LAGUARDIA AIRPORT, NY US","40.77945","-73.88027","3.0","2022-03-08","18.34",",,W",,,"0.00",",,W,2400","0.0",",,W,2400","0.0",",,W,2400","48","H,,S","50",",,W","40",",,W","  310",",,W","  310",",,W","38.0",",,W","46.1",",,W",,,,,,,,,,,,,,,,
"USW00014732","LAGUARDIA AIRPORT, NY US","40.77945","-73.88027","3.0","2022-03-09","9.84",",,W",,,"0.58",",,W,2400","0.6",",,W,2400","0.0",",,W,2400","38","H,,S","41",",,W","33",",,W","   40",",,W","   40",",,W","17.0",",,W","21.0",",,W","    1",",,W",,,,,"    1",",,W",,,,,,,,
"USW00014732","LAGUARDIA AIRPORT, NY US","40.77945","-73.88027","3.0","2022-03-10","5.59",",,W",,,"0.00",",,W,2400","0.0",",,W,2400","0.0","T,,W,2400","39","H,,S","50",",,W","32",",,W","  170",",,W","  130",",,W","12.1",",,W","15.0",",,W","    1",",,W",,,,,,,,,,,"    1",",,W",,
"USW00014732","LAGUARDIA AIRPORT, NY US","40.77945","-73.88027","3.0","2022-03-11","6.93",",,W",,,"0.00",",,W,2400","0.0",",,W,2400","0.0",",,W,2400","45","H,,S","53",",,W","36",",,W","  150",",,W","  160",",,W","16.1",",,W","21.0",",,W",,,,,,,,,,,,,"    1",",,W",,
"USW00014732","LAGUARDIA AIRPORT, NY US","40.77945","-73.88027","3.0","2022-03-12","18.79",",,W",,,"0.47",",,W,2400","0.9",",,W,2400","0.0",",,W,2400","41","H,,S","47",",,W","25",",,W","  320",",,W","  300",",,W","40.0",",,W","48.1",",,W","    1",",,W","    1",",,W",,,,,,,,,,,,
"USW00014732","LAGUARDIA AIRPORT, NY US","40.77945","-73.88027","3.0","2022-03-13","16.33",",,W",,,"0.00","T,,W,2400","0.1",",,W,2400","0.0",",,W,2400","28","H,,S","35",",,W","23",",,W","  290",",,W","  300",",,W","36.0",",,W","48.1",",,W",,,,,,,,,,,,,,,,
"USW00014732","LAGUARDIA AIRPORT, NY US","40.77945","-73.88027","3.0","2022-03-14","9.84",",,W",,,"0.00",",,W,2400","0.0",",,W,2400","0.0",",,W,2400","42","H,,S","57",",,W","34",",,W","  160",",,W","  210",",,W","18.1",",,W","23.0",",,W",,,,,,,,,,,,,,,,
"USW00014732","LAGUARDIA AIRPORT, NY US","40.77945","-73.88027","3.0","2022-03-15","9.17",",,W",,,"0.00","T,,W,2400","0.0",",,W,2400","0.0",",,W,2400","53","H,,S","68",",,W","46",",,W","  310",",,W","  310",",,W","25.1",",,W","29.1",",,W",,,,,,,,,,,,,,,,
"USW00014732","LAGUARDIA AIRPORT, NY US","40.77945","-73.88027","3.0","2022-03-16","7.83",",,W",,,"0.00",",,W,2400","0.0",",,W,2400","0.0",",,W,2400","56","H,,S","64",",,W","43",",,W","  170",",,W","  280",",,W","17.0",",,W","23.0",",,W",,,,,,,,,,,,,,,,
"USW00014732","LAGUARDIA AIRPORT, NY US","40.77945","-73.88027","3.0","2022-03-17","9.17",",,W",,,"0.11",",,W,2400","0.0",",,W,2400","0.0",",,W,2400","47","H,,S","55",",,W","42",",,W","   50",",,W","   40",",,W","16.1",",,W","19.0",",,W","    1",",,W","    1",",,W",,,,,,,,,"    1",",,W",,
"USW00014732","LAGUARDIA AIRPORT, NY US","40.77945","-73.88027","3.0","2022-03-18","7.61",",,W",,,"0.00",",,W,2400","0.0",",,W,2400","0.0",",,W,2400","57","H,,S","73",",,W","49",",,W","  160",",,W","  170",",,W","16.1",",,W","19.9",",,W","    1",",,W","    1",",,W",,,,,,,,,"    1",",,W",,
"USW00014732","LAGUARDIA AIRPORT, NY US","40.77945","-73.88027","3.0","2022-03-19","7.38",",,W",,,"0.07",",,W,2400","0.0",",,W,2400","0.0",",,W,2400","56","H,,S","68",",,W","46",",,W","  160",",,W","  160",",,W","16.1",",,W","19.0",",,W","    1",",,W","    1",",,W","    1",",,W",,,,,,,"    1",",,W",,
"USW00014732","LAGUARDIA AIRPORT, NY US","40.77945","-73.88027","3.0","2022-03-20","16.33",",,W",,,"0.00","T,,W,2400","0.0",",,W,2400","0.0",",,W,2400","58","H,,S","61",",,W","46",",,W","  310",",,W","  310",",,W","32.0",",,W","40.0",",,W",,,,,,,,,,,,,,,,
"USW00014732","LAGUARDIA AIRPORT, NY US","40.77945","-73.88027","3.0","2022-03-21","14.32",",,W",,,"0.00",",,W,2400","0.0",",,W,2400","0.0",",,W,2400","51","H,,S","62",",,W","44",",,W","  310",",,W","  290",",,W","28.0",",,W","35.1",",,W",,,,,,,,,,,,,,,,
"USW00014732","LAGUARDIA AIRPORT, NY US","40.77945","-73.88027","3.0","2022-03-22","16.11",",,W",,,"0.00",",,W,2400","0.0",",,W,2400","0.0",",,W,2400","51","H,,S","57",",,W","44",",,W","  310",",,W","  320",",,W","25.1",",,W","30.0",",,W",,,,,,,,,,,,,,,,
"USW00014732","LAGUARDIA AIRPORT, NY US","40.77945","-73.88027","3.0","2022-03-23","11.63",",,W",,,"0.11",",,W,2400","0.0",",,W,2400","0.0",",,W,2400","45","H,,S","47",",,W","39",",,W","  110",",,W","   50",",,W","19.9",",,W","23.0",",,W",,,,,,,,,,,,,,,,
"USW00014732","LAGUARDIA AIRPORT, NY US","40.77945","-73.88027","3.0","2022-03-24","17.00",",,W",,,"1.02",",,W,2400","0.0",",,W,2400","0.0",",,W,2400","42","H,,S","47",",,W","39",",,W","   50",",,W","   50",",,W","28.0",",,W","34.0",",,W","    1",",,W",,,,,,,,,,,,,,
"USW00014732","LAGUARDIA AIRPORT, NY US","40.77945","-73.88027","3.0","2022-03-25","10.74",",,W",,,"0.03",",,W,2400","0.0",",,W,2400","0.0",",,W,2400","49","H,,S","60",",,W","44",",,W","  260",",,W","  270",",,W","21.9",",,W","31.1",",,W","    1",",,W",,,,,,,,,,,,,,
"USW00014732","LAGUARDIA AIRPORT, NY US","40.77945","-73.88027","3.0","2022-03-26","12.30",",,W",,,"0.04",",,W,2400","0.0",",,W,2400","0.0",",,W,2400","51","H,,S","53",",,W","43",",,W","  270",",,W","  250",",,W","23.9",",,W","32.0",",,W",,,,,"    1",",,W",,,,,,,,,,
"USW00014732","LAGUARDIA AIRPORT, NY US","40.77945","-73.88027","3.0","2022-03-27","18.34",",,W",,,"0.00","T,,W,2400","0.0",",,W,2400","0.0",",,W,2400","43","H,,S","45",",,W","30",",,W","  310",",,W","  290",",,W","31.1",",,W","38.0",",,W",,,,,,,,,,,,,,,,
"USW00014732","LAGUARDIA AIRPORT, NY US","40.77945","-73.88027","3.0","2022-03-28","22.15",",,W",,,"0.00",",,W,2400","0.0",",,W,2400","0.0",",,W,2400","29","H,,S","32",",,W","24",",,W","  330",",,W","  270",",,W","32.0",",,W","42.1",",,W",,,,,,,,,,,,,,,,
"USW00014732","LAGUARDIA AIRPORT, NY US","40.77945","-73.88027","3.0","2022-03-29","19.01",",,W",,,"0.00",",,W,2400","0.0",",,W,2400","0.0",",,W,2400","30","H,,S","37",",,W","25",",,W","  310",",,W","  290",",,W","28.0",",,W","35.1",",,W",,,,,,,,,,,,,,,,
"USW00014732","LAGUARDIA AIRPORT, NY US","40.77945","-73.88027","3.0","2022-03-30","8.72",",,W",,,"0.00",",,W,2400","0.0",",,W,2400","0.0",",,W,2400","37","H,,S","47",",,W","30",",,W","  310",",,W","  310",",,W","21.0",",,W","23.9",",,W",,,,,,,,,,,,,,,,
"USW00014732","LAGUARDIA AIRPORT, NY US","40.77945","-73.88027","3.0","2022-03-31","10.74",",,W",,,"0.05",",,W,2400","0.0",",,W,2400","0.0",",,W,2400","50","H,,S","64",",,W","42",",,W","  180",",,W","  160",",,W","23.0",",,W","32.0",",,W","    1",",,W","    1",",,W",,,,,,,,,"    1",",,W",,
"USW00014732","LAGUARDIA AIRPORT, NY US","40.77945","-73.88027","3.0","2022-04-01","17.00",",,W",,,"0.26",",,W,2400","0.0",",,W,2400","0.0",",,W,2400","56","H,,S","61",",,W","43",",,W","  290",",,W","  290",",,W","36.0",",,W","46.1",",,W","    1",",,W",,,,,,,,,,,,,,
"USW00014732","LAGUARDIA AIRPORT, NY US","40.77945","-73.88027","3.0","2022-04-02","13.65",",,W",,,"0.00",",,W,2400","0.0",",,W,2400","0.0",",,W,2400","45","H,,S","55",",,W","39",",,W","  310",",,W","  310",",,W","29.1",",,W","36.0",",,W",,,,,,,,,,,,,,,,
"USW00014732","LAGUARDIA AIRPORT, NY US","40.77945","-73.88027","3.0","2022-04-03","8.95",",,W",,,"0.09",",,W,2400","0.0",",,W,2400","0.0",",,W,2400","45","H,,S","46",",,W","41",",,W","  300",",,W","  290",",,W","25.1",",,W","33.1",",,W",,,,,,,,,,,,,,,,
"USW00014732","LAGUARDIA AIRPORT, NY US","40.77945","-73.88027","3.0","2022-04-04","12.08",",,W",,,"0.00",",,W,2400","0.0",",,W,2400","0.0",",,W,2400","46","H,,S","54",",,W","40",",,W","  310",",,W","  300",",,W","23.9",",,W","30.0",",,W",,,,,,,,,,,,,,,,
"USW00014732","LAGUARDIA AIRPORT, NY US","40.77945","-73.88027","3.0","2022-04-05","7.61",",,W",,,"0.06",",,W,2400","0.0",",,W,2400","0.0",",,W,2400","49","H,,S","55",",,W","44",",,W","  160",",,W","  160",",,W","17.0",",,W","19.9",",,W",,,,,,,,,,,,,,,,
"USW00014732","LAGUARDIA AIRPORT, NY US","40.77945","-73.88027","3.0","2022-04-06","15.43",",,W",,,"0.36",",,W,2400","0.0",",,W,2400","0.0",",,W,2400","47","H,,S","53",",,W","44",",,W","   50",",,W","   60",",,W","30.0",",,W","38.9",",,W","    1",",,W",,,,,,,,,,,,,,
"USW00014732","LAGUARDIA AIRPORT, NY US","40.77945","-73.88027","3.0","2022-04-07","16.78",",,W",,,"0.97",",,W,2400","0.0",",,W,2400","0.0",",,W,2400","48","H,,S","56",",,W","46",",,W","  130",",,W","  110",",,W","35.1",",,W","50.1",",,W","    1",",,W",,,"    1",",,W",,,,,,,"    1",",,W",,
"USW00014732","LAGUARDIA AIRPORT, NY US","40.77945","-73.88027","3.0","2022-04-08","10.51",",,W",,,"0.04",",,W,2400","0.0",",,W,2400","0.0",",,W,2400","55","H,,S","64",",,W","50",",,W","  290",",,W","  280",",,W","19.9",",,W","28.0",",,W","    1",",,W",,,,,,,,,,,,,,
"USW00014732","LAGUARDIA AIRPORT, NY US","40.77945","-73.88027","3.0","2022-04-09","9.84",",,W",,,"0.02",",,W,2400","0.0",",,W,2400","0.0",",,W,2400","53","H,,S","56",",,W","48",",,W","  310",",,W","  310",",,W","25.1",",,W","31.1",",,W",,,,,,,,,,,,,,,,
"USW00014732","LAGUARDIA AIRPORT, NY US","40.77945","-73.88027","3.0","2022-04-10","17.67",",,W",,,"0.00","T,,W,2400","0.0",",,W,2400","0.0",",,W,2400","47","H,,S","49",",,W","43",",,W","  320",",,W","  300",",,W","30.0",",,W","36.0",",,W",,,,,,,,,,,,,,,,
"USW00014732","LAGUARDIA AIRPORT, NY US","40.77945","-73.88027","3.0","2022-04-11","10.51",",,W",,,"0.00",",,W,2400","0.0",",,W,2400","0.0",",,W,2400","48","H,,S","60",",,W","42",",,W","  190",",,W","  190",",,W","21.9",",,W","25.9",",,W",,,,,,,,,,,,,,,,
"USW00014732","LAGUARDIA AIRPORT, NY US","40.77945","-73.88027","3.0","2022-04-12","7.38",",,W",,,"0.04",",,W,2400","0.0",",,W,2400","0.0",",,W,2400","56","H,,S","71",",,W","50",",,W","  300",",,W","  310",",,W","16.1",",,W","21.0",",,W",,,,,,,,,,,,,,,,
"USW00014732","LAGUARDIA AIRPORT, NY US","40.77945","-73.88027","3.0","2022-04-13","7.61",",,W",,,"0.00",",,W,2400","0.0",",,W,2400","0.0",",,W,2400","60","H,,S","69",",,W","50",",,W","  170",",,W","  140",",,W","17.0",",,W","23.9",",,W",,,,,,,,,,,,,,,,
"USW00014732","LAGUARDIA AIRPORT, NY US","40.77945","-73.88027","3.0","2022-04-14","10.96",",,W",,,"0.11",",,W,2400","0.0",",,W,2400","0.0",",,W,2400","61","H,,S","71",",,W","55",",,W","  320",",,W","  320",",,W","28.0",",,W","36.0",",,W",,,,,"    1",",,W",,,,,,,,,,
"USW00014732","LAGUARDIA AIRPORT, NY US","40.77945","-73.88027","3.0","2022-04-15","12.30",",,W",,,"0.00",",,W,2400","0.0",",,W,2400","0.0",",,W,2400","60","H,,S","69",",,W","51",",,W","  180",",,W","  180",",,W","29.1",",,W","38.0",",,W",,,,,,,,,,,,,,,,
"USW00014732","LAGUARDIA AIRPORT, NY US","40.77945","-73.88027","3.0","2022-04-16","12.53",",,W",,,"0.14",",,W,2400","0.0",",,W,2400","0.0",",,W,2400","60","H,,S","70",",,W","45",",,W","  330",",,W","  330",",,W","25.9",",,W","32.0",",,W",,,,,,,,,,,,,,,,
"USW00014732","LAGUARDIA AIRPORT, NY US","40.77945","-73.88027","3.0","2022-04-17","15.66",",,W",,,"0.00",",,W,2400","0.0",",,W,2400","0.0",",,W,2400","47","H,,S","50",",,W","42",",,W","  290",",,W","  290",",,W","28.0",",,W","36.0",",,W",,,,,,,,,,,,,,,,
"USW00014732","LAGUARDIA AIRPORT, NY US","40.77945","-73.88027","3.0","2022-04-18","12.75",",,W",,,"0.92",",,W,2400","0.0",",,W,2400","0.0",",,W,2400","46","H,,S","53",",,W","41",",,W","   70",",,W","   80",",,W","25.9",",,W","33.1",",,W","    1",",,W",,,,,,,,,,,,,,
"USW00014732","LAGUARDIA AIRPORT, NY US","40.77945","-73.88027","3.0","2022-04-19","19.69",",,W",,,"1.14",",,W,2400","0.0",",,W,2400","0.0",",,W,2400","46","H,,S","50",",,W","40",",,W","  260",",,W","  280",",,W","32.0",",,W","40.9",",,W","    1",",,W",,,,,,,,,,,,,,
"USW00014732","LAGUARDIA AIRPORT, NY US","40.77945","-73.88027","3.0","2022-04-20","12.30",",,W",,,"0.00",",,W,2400","0.0",",,W,2400","0.0",",,W,2400","49","H,,S","60",",,W","43",",,W","  300",",,W","  290",",,W","25.9",",,W","33.1",",,W",,,,,,,,,,,,,,,,
"USW00014732","LAGUARDIA AIRPORT, NY US","40.77945","-73.88027","3.0","2022-04-21","12.08",",,W",,,"0.00",",,W,2400","0.0",",,W,2400","0.0",",,W,2400","51","H,,S","59",",,W","45",",,W","  170",",,W","  170",",,W","25.9",",,W","36.0",",,W",,,,,,,,,,,,,,,,
"USW00014732","LAGUARDIA AIRPORT, NY US","40.77945","-73.88027","3.0","2022-04-22","10.74",",,W",,,"0.00",",,W,2400","0.0",",,W,2400","0.0",",,W,2400","58","H,,S","68",",,W","52",",,W","  300",",,W","  330",",,W","23.0",",,W","28.0",",,W",,,,,,,,,,,,,,,,
"USW00014732","LAGUARDIA AIRPORT, NY US","40.77945","-73.88027","3.0","2022-04-23","6.93",",,W",,,"0.00",",,W,2400","0.0",",,W,2400","0.0",",,W,2400","56","H,,S","61",",,W","50",",,W","  180",",,W","  150",",,W","16.1",",,W","19.0",",,W",,,,,,,,,,,,,,,,
"USW00014732","LAGUARDIA AIRPORT, NY US","40.77945","-73.88027","3.0","2022-04-24","9.17",",,W",,,"0.00",",,W,2400","0.0",",,W,2400","0.0",",,W,2400","55","H,,S","60",",,W","48",",,W","   40",",,W","  150",",,W","18.1",",,W","23.0",",,W",,,,,,,,,,,,,,,,
"USW00014732","LAGUARDIA AIRPORT, NY US","40.77945","-73.88027","3.0","2022-04-25","9.40",",,W",,,"0.00",",,W,2400","0.0",",,W,2400","0.0",",,W,2400","51","H,,S","58",",,W","46",",,W","  140",",,W","   60",",,W","14.1",",,W","19.9",",,W",,,,,,,,,,,,,,,,
"USW00014732","LAGUARDIA AIRPORT, NY US","40.77945","-73.88027","3.0","2022-04-26","8.50",",,W",,,"0.05",",,W,2400","0.0",",,W,2400","0.0",",,W,2400","53","H,,S","60",",,W","50",",,W","   50",",,W","   40",",,W","17.0",",,W","23.9",",,W","    1",",,W",,,,,,,,,,,"    1",",,W",,
"USW00014732","LAGUARDIA AIRPORT, NY US","40.77945","-73.88027","3.0","2022-04-27","21.47",",,W",,,"0.00",",,W,2400","0.0",",,W,2400","0.0",",,W,2400","53","H,,S","59",",,W","42",",,W","  310",",,W","  310",",,W","31.1",",,W","38.9",",,W",,,,,,,,,,,,,,,,
"USW00014732","LAGUARDIA AIRPORT, NY US","40.77945","-73.88027","3.0","2022-04-28","20.80",",,W",,,"0.00",",,W,2400","0.0",",,W,2400","0.0",",,W,2400","47","H,,S","56",",,W","41",",,W","  320",",,W","  320",",,W","31.1",",,W","40.9",",,W",,,,,,,,,,,,,,,,
"USW00014732","LAGUARDIA AIRPORT, NY US","40.77945","-73.88027","3.0","2022-04-29","17.22",",,W",,,"0.00",",,W,2400","0.0",",,W,2400","0.0",",,W,2400","51","H,,S","62",",,W","42",",,W","  330",",,W","  320",",,W","30.0",",,W","35.1",",,W",,,,,,,,,,,,,,,,
"USW00014732","LAGUARDIA AIRPORT, NY US","40.77945","-73.88027","3.0","2022-04-30","8.05",",,W",,,"0.00",",,W,2400","0.0",",,W,2400","0.0",",,W,2400","55","H,,S","67",",,W","47",",,W","  160",",,W","  350",",,W","16.1",",,W","21.0",",,W",,,,,,,,,,,,,,,,
"USW00014732","LAGUARDIA AIRPORT, NY US","40.77945","-73.88027","3.0","2022-05-01","8.50",",,W",,,"0.00","T,,W,2400","0.0",",,W,2400","0.0",",,W,2400","56","H,,S","67",",,W","48",",,W","  160",",,W","  150",",,W","16.1",",,W","19.9",",,W",,,,,,,,,,,,,,,,
"USW00014732","LAGUARDIA AIRPORT, NY US","40.77945","-73.88027","3.0","2022-05-02","9.62",",,W",,,"0.35",",,W,2400","0.0",",,W,2400","0.0",",,W,2400","54","H,,S","57",",,W","50",",,W","  130",",,W","   40",",,W","19.9",",,W","23.0",",,W","    1",",,W",,,"    1",",,W",,,,,,,"    1",",,W",,
"USW00014732","LAGUARDIA AIRPORT, NY US","40.77945","-73.88027","3.0","2022-05-03","10.07",",,W",,,"0.00","T,,W,2400","0.0",",,W,2400","0.0",",,W,2400","54","H,,S","61",",,W","50",",,W","   50",",,W","   50",",,W","17.0",",,W","23.0",",,W","    1",",,W",,,,,,,,,,,,,,
"USW00014732","LAGUARDIA AIRPORT, NY US","40.77945","-73.88027","3.0","2022-05-04","6.04",",,W",,,"0.12",",,W,2400","0.0",",,W,2400","0.0",",,W,2400","54","H,,S","67",",,W","50",",,W","   60",",,W","   60",",,W","14.1",",,W","18.1",",,W","    1",",,W",,,,,,,,,,,"    1",",,W",,
"USW00014732","LAGUARDIA AIRPORT, NY US","40.77945","-73.88027","3.0","2022-05-05","9.17",",,W",,,"0.00",",,W,2400","0.0",",,W,2400","0.0",",,W,2400","63","H,,S","71",",,W","56",",,W","  340",",,W","  360",",,W","16.1",",,W","21.0",",,W",,,,,,,,,,,,,,,,
"USW00014732","LAGUARDIA AIRPORT, NY US","40.77945","-73.88027","3.0","2022-05-06","8.50",",,W",,,"0.74",",,W,2400","0.0",",,W,2400","0.0",",,W,2400","59","H,,S","62",",,W","50",",,W","  110",",,W","  110",",,W","17.0",",,W","21.9",",,W","    1",",,W",,,,,,,,,,,,,,
"USW00014732","LAGUARDIA AIRPORT, NY US","40.77945","-73.88027","3.0","2022-05-07","19.91",",,W",,,"1.06",",,W,2400","0.0",",,W,2400","0.0",",,W,2400","50","H,,S","52",",,W","46",",,W","   50",",,W","   50",",,W","33.1",",,W","40.0",",,W","    1",",,W",,,,,,,,,,,,,,
"USW00014732","LAGUARDIA AIRPORT, NY US","40.77945","-73.88027","3.0","2022-05-08","17.90",",,W",,,"0.02",",,W,2400","0.0",",,W,2400","0.0",",,W,2400","51","H,,S","59",",,W","46",",,W","   60",",,W","   60",",,W","30.0",",,W","36.0",",,W",,,,,,,,,,,,,,,,
"USW00014732","LAGUARDIA AIRPORT, NY US","40.77945","-73.88027","3.0","2022-05-09","15.66",",,W",,,"0.00",",,W,2400","0.0",",,W,2400","0.0",",,W,2400","56","H,,S","69",",,W","47",",,W","   50",",,W","   50",",,W","23.9",",,W","28.0",",,W",,,,,,,,,,,,,,,,
"USW00014732","LAGUARDIA AIRPORT, NY US","40.77945","-73.88027","3.0","2022-05-10","14.32",",,W",,,"0.00",",,W,2400","0.0",",,W,2400","0.0",",,W,2400","60","H,,S","71",",,W","53",",,W","   40",",,W","   40",",,W","25.9",",,W","33.1",",,W",,,,,,,,,,,,,,,,
"USW00014732","LAGUARDIA AIRPORT, NY US","40.77945","-73.88027","3.0","2022-05-11","9.17",",,W",,,"0.00",",,W,2400","0.0",",,W,2400","0.0",",,W,2400","61","H,,S","76",",,W","53",",,W","   50",",,W","   40",",,W","21.0",",,W","25.1",",,W",,,,,,,,,,,,,,,,
"USW00014732","LAGUARDIA AIRPORT, NY US","40.77945","-73.88027","3.0","2022-05-12","9.40",",,W",,,"0.00",",,W,2400","0.0",",,W,2400","0.0",",,W,2400","63","H,,S","72",",,W","57",",,W","   60",",,W","   60",",,W","17.0",",,W","23.9",",,W","    1",",,W",,,,,,,,,,,,,,
"USW00014732","LAGUARDIA AIRPORT, NY US","40.77945","-73.88027","3.0","2022-05-13","8.72",",,W",,,"0.00","T,,W,2400","0.0",",,W,2400","0.0",",,W,2400","61","H,,S","66",",,W","56",",,W","   50",",,W","   40",",,W","21.0",",,W","23.0",",,W","    1",",,W","    1",",,W",,,,,,,,,"    1",",,W",,
"USW00014732","LAGUARDIA AIRPORT, NY US","40.77945","-73.88027","3.0","2022-05-14","6.49",",,W",,,"0.28",",,W,2400","0.0",",,W,2400","0.0",",,W,2400","64","H,,S","74",",,W","58",",,W","  160",",,W","  150",",,W","18.1",",,W","21.9",",,W","    1",",,W","    1",",,W",,,,,,,,,"    1",",,W",,
"USW00014732","LAGUARDIA AIRPORT, NY US","40.77945","-73.88027","3.0","2022-05-15","6.93",",,W",,,"0.02",",,W,2400","0.0",",,W,2400","0.0",",,W,2400","66","H,,S","78",",,W","59",",,W","  190",",,W","  180",",,W","18.1",",,W","21.9",",,W","    1",",,W",,,,,,,,,,,,,,
"USW00014732","LAGUARDIA AIRPORT, NY US","40.77945","-73.88027","3.0","2022-05-16","10.29",",,W",,,"0.47",",,W,2400","0.0",",,W,2400","0.0",",,W,2400","69","H,,S","75",",,W","62",",,W","  290",",,W","  300",",,W","32.0",",,W","40.0",",,W",,,,,"    1",",,W",,,,,,,,,,
"USW00014732","LAGUARDIA AIRPORT, NY US","40.77945","-73.88027","3.0","2022-05-17","15.66",",,W",,,"0.00",",,W,2400","0.0",",,W,2400","0.0",",,W,2400","67","H,,S","78",",,W","59",",,W","  300",",,W","  290",",,W","33.1",",,W","42.9",",,W",,,,,,,,,,,,,,,,
"USW00014732","LAGUARDIA AIRPORT, NY US","40.77945","-73.88027","3.0","2022-05-18","10.96",",,W",,,"0.00","T,,W,2400","0.0",",,W,2400","0.0",",,W,2400","64","H,,S","73",",,W","57",",,W","  300",",,W","  300",",,W","21.0",",,W","25.1",",,W",,,,,,,,,,,,,,,,
"USW00014732","LAGUARDIA AIRPORT, NY US","40.77945","-73.88027","3.0","2022-05-19","6.71",",,W",,,"0.72",",,W,2400","0.0",",,W,2400","0.0",",,W,2400","60","H,,S","68",",,W","55",",,W","  130",",,W","  140",",,W","14.1",",,W","17.0",",,W","    1",",,W",,,,,,,,,,,"    1",",,W",,
"USW00014732","LAGUARDIA AIRPORT, NY US","40.77945","-73.88027","3.0","2022-05-20","8.28",",,W",,,"0.44",",,W,2400","0.0",",,W,2400","0.0",",,W,2400","60","H,,S","68",",,W","54",",,W","   60",",,W","   60",",,W","17.0",",,W","21.9",",,W","    1",",,W","    1",",,W","    1",",,W",,,,,,,"    1",",,W",,
"USW00014732","LAGUARDIA AIRPORT, NY US","40.77945","-73.88027","3.0","2022-05-21","5.82",",,W",,,"0.00",",,W,2400","0.0",",,W,2400","0.0",",,W,2400","70","H,,S","91",",,W","58",",,W","  170",",,W","  170",",,W","15.0",",,W","18.1",",,W",,,"    1",",,W",,,,,,,,,"    1",",,W",,
"USW00014732","LAGUARDIA AIRPORT, NY US","40.77945","-73.88027","3.0","2022-05-22","8.50",",,W",,,"0.00",",,W,2400","0.0",",,W,2400","0.0",",,W,2400","82","H,,S","92",",,W","71",",,W","  170",",,W","  330",",,W","19.9",",,W","23.0",",,W",,,,,"    1",",,W",,,,,,,,,,
"USW00014732","LAGUARDIA AIRPORT, NY US","40.77945","-73.88027","3.0","2022-05-23","11.18",",,W",,,"0.00","T,,W,2400","0.0",",,W,2400","0.0",",,W,2400","70","H,,S","73",",,W","62",",,W","  360",",,W","  360",",,W","21.9",",,W","27.1",",,W",,,,,,,,,,,,,,,,
"USW00014732","LAGUARDIA AIRPORT, NY US","40.77945","-73.88027","3.0","2022-05-24","11.41",",,W",,,"0.00","T,,W,2400","0.0",",,W,2400","0.0",",,W,2400","63","H,,S","65",",,W","58",",,W","   50",",,W","   50",",,W","19.9",",,W","25.1",",,W",,,,,,,,,,,,,,,,
"USW00014732","LAGUARDIA AIRPORT, NY US","40.77945","-73.88027","3.0","2022-05-25","8.05",",,W",,,"0.00",",,W,2400","0.0",",,W,2400","0.0",",,W,2400","61","H,,S","70",",,W","55",",,W","  160",",,W","  190",",,W","15.0",",,W","21.0",",,W",,,,,,,,,,,,,,,,
"USW00014732","LAGUARDIA AIRPORT, NY US","40.77945","-73.88027","3.0","2022-05-26","10.07",",,W",,,"0.00",",,W,2400","0.0",",,W,2400","0.0",",,W,2400","62","H,,S","70",",,W","55",",,W","  180",",,W","  150",",,W","18.1",",,W","23.0",",,W",,,,,,,,,,,,,,,,
"USW00014732","LAGUARDIA AIRPORT, NY US","40.77945","-73.88027","3.0","2022-05-27","9.84",",,W",,,"0.16",",,W,2400","0.0",",,W,2400","0.0",",,W,2400","68","H,,S","79",",,W","64",",,W","  170",",,W","  170",",,W","23.0",",,W","28.0",",,W","    1",",,W","    1",",,W","    1",",,W",,,,,,,"    1",",,W",,
"USW00014732","LAGUARDIA AIRPORT, NY US","40.77945","-73.88027","3.0","2022-05-28","7.83",",,W",,,"0.27",",,W,2400","0.0",",,W,2400","0.0",",,W,2400","69","H,,S","77",",,W","63",",,W","  280",",,W","  290",",,W","32.0",",,W","40.9",",,W","    1",",,W",,,"    1",",,W",,,,,,,,,,
"USW00014732","LAGUARDIA AIRPORT, NY US","40.77945","-73.88027","3.0","2022-05-29","5.82",",,W",,,"0.00",",,W,2400","0.0",",,W,2400","0.0",",,W,2400","69","H,,S","79",",,W","62",",,W","  180",",,W","  190",",,W","18.1",",,W","21.9",",,W",,,,,,,,,,,,,,,,
"USW00014732","LAGUARDIA AIRPORT, NY US","40.77945","-73.88027","3.0","2022-05-30","8.05",",,W",,,"0.00",",,W,2400","0.0",",,W,2400","0.0",",,W,2400","74","H,,S","86",",,W","65",",,W","  170",",,W","  170",",,W","19.9",",,W","23.0",",,W",,,,,,,,,,,,,,,,
"USW00014732","LAGUARDIA AIRPORT, NY US","40.77945","-73.88027","3.0","2022-05-31","11.41",",,W",,,"0.00",",,W,2400","0.0",",,W,2400","0.0",",,W,2400","83","H,,S","93",",,W","63",",,W","   50",",,W","  330",",,W","23.0",",,W","28.0",",,W",,,,,,,,,,,,,,,,
"USW00014732","LAGUARDIA AIRPORT, NY US","40.77945","-73.88027","3.0","2022-06-01","11.41",",,W",,,"0.84",",,W,2400","0.0",",,W,2400","0.0",",,W,2400","64","H,,S","67",",,W","59",",,W","   50",",,W","   50",",,W","23.0",",,W","25.9",",,W","    1",",,W",,,"    1",",,W",,,,,,,,,,
"USW00014732","LAGUARDIA AIRPORT, NY US","40.77945","-73.88027","3.0","2022-06-02","6.93",",,W",,,"0.52",",,W,2400","0.0",",,W,2400","0.0",",,W,2400","69","H,,S","83",",,W","62",",,W","  340",",,W","  330",",,W","25.1",",,W","35.1",",,W","    1",",,W",,,"    1",",,W",,,,,,,,,,
"USW00014732","LAGUARDIA AIRPORT, NY US","40.77945","-73.88027","3.0","2022-06-03","8.50",",,W",,,"0.00","T,,W,2400","0.0",",,W,2400","0.0",",,W,2400","67","H,,S","75",",,W","61",",,W","   50",",,W","   40",",,W","15.0",",,W","18.1",",,W","    1",",,W","    1",",,W",,,,,,,,,"    1",",,W",,
"USW00014732","LAGUARDIA AIRPORT, NY US","40.77945","-73.88027","3.0","2022-06-04","6.71",",,W",,,"0.00",",,W,2400","0.0",",,W,2400","0.0",",,W,2400","71","H,,S","81",",,W","63",",,W","  180",",,W","  170",",,W","21.0",",,W","25.1",",,W",,,,,,,,,,,,,,,,
"USW00014732","LAGUARDIA AIRPORT, NY US","40.77945","-73.88027","3.0","2022-06-05","7.16",",,W",,,"0.00",",,W,2400","0.0",",,W,2400","0.0",",,W,2400","68","H,,S","76",",,W","60",",,W","  310",",,W","  340",",,W","16.1",",,W","23.0",",,W",,,,,,,,,,,,,,,,
"USW00014732","LAGUARDIA AIRPORT, NY US","40.77945","-73.88027","3.0","2022-06-06","6.71",",,W",,,"0.00",",,W,2400","0.0",",,W,2400","0.0",",,W,2400","72","H,,S","81",",,W","64",",,W","  160",",,W","  180",",,W","21.0",",,W","25.9",",,W",,,,,,,,,,,,,,,,
"USW00014732","LAGUARDIA AIRPORT, NY US","40.77945","-73.88027","3.0","2022-06-07","15.43",",,W",,,"0.05",",,W,2400","0.0",",,W,2400","0.0",",,W,2400","71","H,,S","78",",,W","65",",,W","  170",",,W","  150",",,W","28.0",",,W","36.9",",,W",,,,,,,,,,,,,,,,
"USW00014732","LAGUARDIA AIRPORT, NY US","40.77945","-73.88027","3.0","2022-06-08","9.17",",,W",,,"0.00","T,,W,2400","0.0",",,W,2400","0.0",",,W,2400","75","H,,S","85",",,W","67",",,W","  190",",,W","  190",",,W","18.1",",,W","25.1",",,W",,,,,,,,,,,,,,,,
"USW00014732","LAGUARDIA AIRPORT, NY US","40.77945","-73.88027","3.0","2022-06-09","14.54",",,W",,,"0.70",",,W,2400","0.0",",,W,2400","0.0",",,W,2400","76","H,,S","85",",,W","66",",,W","  270",",,W","  260",",,W","25.1",",,W","33.1",",,W","    1",",,W",,,"    1",",,W",,,,,,,,,,
"USW00014732","LAGUARDIA AIRPORT, NY US","40.77945","-73.88027","3.0","2022-06-10","9.84",",,W",,,"0.00",",,W,2400","0.0",",,W,2400","0.0",",,W,2400","71","H,,S","80",",,W","64",",,W","  280",",,W","  280",",,W","18.1",",,W","25.9",",,W",,,,,,,,,,,,,,,,
"USW00014732","LAGUARDIA AIRPORT, NY US","40.77945","-73.88027","3.0","2022-06-11","7.83",",,W",,,"0.23",",,W,2400","0.0",",,W,2400","0.0",",,W,2400","71","H,,S","75",",,W","65",",,W","  210",",,W","  200",",,W","15.0",",,W","19.0",",,W",,,,,,,,,,,,,,,,
"USW00014732","LAGUARDIA AIRPORT, NY US","40.77945","-73.88027","3.0","2022-06-12","9.40",",,W",,,"0.08",",,W,2400","0.0",",,W,2400","0.0",",,W,2400","69","H,,S","73",",,W","64",",,W","  170",",,W","  160",",,W","21.0",",,W","25.1",",,W",,,,,,,,,,,,,,,,
"USW00014732","LAGUARDIA AIRPORT, NY US","40.77945","-73.88027","3.0","2022-06-13","5.37",",,W",,,"0.00","T,,W,2400","0.0",",,W,2400","0.0",",,W,2400","76","H,,S","86",",,W","69",",,W","  230",",,W","  230",",,W","15.0",",,W","21.0",",,W",,,,,"    1",",,W",,,,,,,"    1",",,W",,
"USW00014732","LAGUARDIA AIRPORT, NY US","40.77945","-73.88027","3.0","2022-06-14","6.49",",,W",,,"0.00",",,W,2400","0.0",",,W,2400","0.0",",,W,2400","75","H,,S","83",",,W","67",",,W","   60",",,W","   30",",,W","13.0",",,W","17.0",",,W",,,,,,,,,,,,,,,,
"USW00014732","LAGUARDIA AIRPORT, NY US","40.77945","-73.88027","3.0","2022-06-15","9.84",",,W",,,"0.00",",,W,2400","0.0",",,W,2400","0.0",",,W,2400","74","H,,S","81",",,W","67",",,W","  180",",,W","  180",",,W","21.0",",,W","23.9",",,W",,,,,,,,,,,,,,,,
"USW00014732","LAGUARDIA AIRPORT, NY US","40.77945","-73.88027","3.0","2022-06-16","12.30",",,W",,,"0.28",",,W,2400","0.0",",,W,2400","0.0",",,W,2400","69","H,,S","73",",,W","63",",,W","  170",",,W","  180",",,W","21.9",",,W","30.0",",,W",,,,,"    1",",,W",,,,,,,,,,
"USW00014732","LAGUARDIA AIRPORT, NY US","40.77945","-73.88027","3.0","2022-06-17","12.53",",,W",,,"0.00",",,W,2400","0.0",",,W,2400","0.0",",,W,2400","77","H,,S","92",",,W","70",",,W","  270",",,W","  260",",,W","28.0",",,W","34.0",",,W",,,,,,,,,,,,,,,,
"USW00014732","LAGUARDIA AIRPORT, NY US","40.77945","-73.88027","3.0","2022-06-18","18.79",",,W",,,"0.00",",,W,2400","0.0",",,W,2400","0.0",",,W,2400","71","H,,S","77",",,W","59",",,W","  320",",,W","  310",",,W","31.1",",,W","40.9",",,W",,,,,,,,,,,,,,,,
"USW00014732","LAGUARDIA AIRPORT, NY US","40.77945","-73.88027","3.0","2022-06-19","16.11",",,W",,,"0.00",",,W,2400","0.0",",,W,2400","0.0",",,W,2400","63","H,,S","74",",,W","56",",,W","  340",",,W","  340",",,W","28.0",",,W","36.0",",,W",,,,,,,,,,,,,,,,
"USW00014732","LAGUARDIA AIRPORT, NY US","40.77945","-73.88027","3.0","2022-06-20","8.95",",,W",,,"0.00",",,W,2400","0.0",",,W,2400","0.0",",,W,2400","69","H,,S","79",",,W","61",",,W","  310",",,W","  310",",,W","17.0",",,W","21.9",",,W",,,,,,,,,,,,,,,,
"USW00014732","LAGUARDIA AIRPORT, NY US","40.77945","-73.88027","3.0","2022-06-21","6.04",",,W",,,"0.09",",,W,2400","0.0",",,W,2400","0.0",",,W,2400","72","H,,S","77",",,W","64",",,W","   50",",,W","   60",",,W","14.1",",,W","19.9",",,W","    1",",,W",,,,,,,,,,,,,,
"USW00014732","LAGUARDIA AIRPORT, NY US","40.77945","-73.88027","3.0","2022-06-22","10.29",",,W",,,"0.10",",,W,2400","0.0",",,W,2400","0.0",",,W,2400","66","H,,S","68",",,W","62",",,W","  120",",,W","  150",",,W","17.0",",,W","23.0",",,W","    1",",,W",,,,,,,,,,,"    1",",,W",,
"USW00014732","LAGUARDIA AIRPORT, NY US","40.77945","-73.88027","3.0","2022-06-23","8.50",",,W",,,"0.00",",,W,2400","0.0",",,W,2400","0.0",",,W,2400","67","H,,S","75",",,W","60",",,W","   50",",,W","   60",",,W","16.1",",,W","25.1",",,W",,,,,,,,,,,,,,,,
"USW00014732","LAGUARDIA AIRPORT, NY US","40.77945","-73.88027","3.0","2022-06-24","5.59",",,W",,,"0.00","T,,W,2400","0.0",",,W,2400","0.0",",,W,2400","71","H,,S","83",",,W","64",",,W","  170",",,W","  160",",,W","18.1",",,W","23.0",",,W",,,,,,,,,,,,,,,,
"USW00014732","LAGUARDIA AIRPORT, NY US","40.77945","-73.88027","3.0","2022-06-25","7.16",",,W",,,"0.00",",,W,2400","0.0",",,W,2400","0.0",",,W,2400","78","H,,S","90",",,W","69",",,W","  160",",,W","  150",",,W","17.0",",,W","21.0",",,W",,,,,,,,,,,,,,,,
"USW00014732","LAGUARDIA AIRPORT, NY US","40.77945","-73.88027","3.0","2022-06-26","8.95",",,W",,,"0.00",",,W,2400","0.0",",,W,2400","0.0",",,W,2400","81","H,,S","91",",,W","71",",,W","  160",",,W","  190",",,W","23.9",",,W","31.1",",,W",,,,,,,,,,,,,,,,
"USW00014732","LAGUARDIA AIRPORT, NY US","40.77945","-73.88027","3.0","2022-06-27","8.95",",,W",,,"0.48",",,W,2400","0.0",",,W,2400","0.0",",,W,2400","76","H,,S","79",",,W","69",",,W","  190",",,W","  190",",,W","18.1",",,W","23.0",",,W","    1",",,W",,,,,,,,,,,,,,
"USW00014732","LAGUARDIA AIRPORT, NY US","40.77945","-73.88027","3.0","2022-06-28","7.83",",,W",,,"0.00",",,W,2400","0.0",",,W,2400","0.0",",,W,2400","72","H,,S","79",",,W","68",",,W","  320",",,W","   60",",,W","14.1",",,W","19.9",",,W",,,,,,,,,,,,,,,,
"USW00014732","LAGUARDIA AIRPORT, NY US","40.77945","-73.88027","3.0","2022-06-29","7.16",",,W",,,"0.00",",,W,2400","0.0",",,W,2400","0.0",",,W,2400","75","H,,S","86",",,W","66",",,W","  190",",,W","  180",",,W","19.9",",,W","23.9",",,W",,,,,,,,,,,,,,,,
"USW00014732","LAGUARDIA AIRPORT, NY US","40.77945","-73.88027","3.0","2022-06-30","7.61",",,W",,,"0.00",",,W,2400","0.0",",,W,2400","0.0",",,W,2400","78","H,,S","88",",,W","71",",,W","  170",",,W","  170",",,W","16.1",",,W","19.0",",,W",,,,,,,,,,,,,,,,
"USW00014732","LAGUARDIA AIRPORT, NY US","40.77945","-73.88027","3.0","2022-07-01","10.51",",,W",,,"0.00",",,W,2400","0.0",",,W,2400","0.0",",,W,2400","83","H,,S","95",",,W","75",",,W","  230",",,W","  230",",,W","21.9",",,W","31.1",",,W",,,,,"    1",",,W",,,,,,,,,,
"USW00014732","LAGUARDIA AIRPORT, NY US","40.77945","-73.88027","3.0","2022-07-02","8.95",",,W",,,"0.00",",,W,2400","0.0",",,W,2400","0.0",",,W,2400","84","H,,S","91",",,W","77",",,W","  160",",,W","  160",",,W","21.0",",,W","23.9",",,W",,,,,,,,,,,,,,,,
"USW00014732","LAGUARDIA AIRPORT, NY US","40.77945","-73.88027","3.0","2022-07-03","8.28",",,W",,,"0.00",",,W,2400","0.0",",,W,2400","0.0",",,W,2400","80","H,,S","88",",,W","74",",,W","  330",",,W","  320",",,W","18.1",",,W","23.0",",,W",,,,,,,,,,,,,,,,
"USW00014732","LAGUARDIA AIRPORT, NY US","40.77945","-73.88027","3.0","2022-07-04","6.26",",,W",,,"0.00",",,W,2400","0.0",",,W,2400","0.0",",,W,2400","78","H,,S","87",",,W","68",",,W","  310",",,W","  310",",,W","15.0",",,W","19.9",",,W",,,,,,,,,,,,,,,,
"USW00014732","LAGUARDIA AIRPORT, NY US","40.77945","-73.88027","3.0","2022-07-05","12.30",",,W",,,"0.08",",,W,2400","0.0",",,W,2400","0.0",",,W,2400","79","H,,S","88",",,W","73",",,W","  180",",,W","  180",",,W","23.9",",,W","31.1",",,W",,,,,,,,,,,,,,,,
"USW00014732","LAGUARDIA AIRPORT, NY US","40.77945","-73.88027","3.0","2022-07-06","10.29",",,W",,,"0.00",",,W,2400","0.0",",,W,2400","0.0",",,W,2400","79","H,,S","86",",,W","73",",,W","  320",",,W","  320",",,W","21.0",",,W","27.1",",,W",,,,,,,,,,,,,,,,
"USW00014732","LAGUARDIA AIRPORT, NY US","40.77945","-73.88027","3.0","2022-07-07","10.51",",,W",,,"0.00",",,W,2400","0.0",",,W,2400","0.0",",,W,2400","76","H,,S","82",",,W","70",",,W","  120",",,W","   50",",,W","16.1",",,W","23.0",",,W",,,,,,,,,,,,,,,,
"USW00014732","LAGUARDIA AIRPORT, NY US","40.77945","-73.88027","3.0","2022-07-08","6.71",",,W",,,"0.29",",,W,2400","0.0",",,W,2400","0.0",",,W,2400","74","H,,S","86",",,W","68",",,W","  180",",,W","  210",",,W","15.0",",,W","21.0",",,W",,,,,,,,,,,,,,,,
"USW00014732","LAGUARDIA AIRPORT, NY US","40.77945","-73.88027","3.0","2022-07-09","6.93",",,W",,,"0.00",",,W,2400","0.0",",,W,2400","0.0",",,W,2400","76","H,,S","84",",,W","72",",,W","   60",",,W","   60",",,W","15.0",",,W","18.1",",,W",,,,,,,,,,,,,,,,
"USW00014732","LAGUARDIA AIRPORT, NY US","40.77945","-73.88027","3.0","2022-07-10","10.51",",,W",,,"0.00",",,W,2400","0.0",",,W,2400","0.0",",,W,2400","74","H,,S","82",",,W","68",",,W","  170",",,W","   40",",,W","17.0",",,W","21.9",",,W",,,,,,,,,,,,,,,,
"USW00014732","LAGUARDIA AIRPORT, NY US","40.77945","-73.88027","3.0","2022-07-11","11.63",",,W",,,"0.00",",,W,2400","0.0",",,W,2400","0.0",",,W,2400","75","H,,S","84",",,W","69",",,W","  190",",,W","  180",",,W","23.9",",,W","30.0",",,W",,,,,,,,,,,,,,,,
"USW00014732","LAGUARDIA AIRPORT, NY US","40.77945","-73.88027","3.0","2022-07-12","12.30",",,W",,,"0.00",",,W,2400","0.0",",,W,2400","0.0",",,W,2400","78","H,,S","91",",,W","71",",,W","  160",",,W","  170",",,W","23.0",",,W","25.9",",,W",,,,,,,,,,,,,,,,
"USW00014732","LAGUARDIA AIRPORT, NY US","40.77945","-73.88027","3.0","2022-07-13","7.83",",,W",,,"0.00",",,W,2400","0.0",",,W,2400","0.0",",,W,2400","84","H,,S","92",",,W","75",",,W","  170",",,W","  180",",,W","17.0",",,W","23.0",",,W",,,,,,,,,,,,,,,,
"USW00014732","LAGUARDIA AIRPORT, NY US","40.77945","-73.88027","3.0","2022-07-14","7.61",",,W",,,"0.00",",,W,2400","0.0",",,W,2400","0.0",",,W,2400","80","H,,S","90",",,W","72",",,W","  310",",,W","  330",",,W","16.1",",,W","19.9",",,W",,,,,,,,,,,,,,,,
"USW00014732","LAGUARDIA AIRPORT, NY US","40.77945","-73.88027","3.0","2022-07-15","8.72",",,W",,,"0.00",",,W,2400","0.0",",,W,2400","0.0",",,W,2400","79","H,,S","86",",,W","72",",,W","  160",",,W","   60",",,W","15.0",",,W","23.0",",,W",,,,,,,,,,,,,,,,
"USW00014732","LAGUARDIA AIRPORT, NY US","40.77945","-73.88027","3.0","2022-07-16","7.83",",,W",,,"0.55",",,W,2400","0.0",",,W,2400","0.0",",,W,2400","76","H,,S","84",",,W","69",",,W","  300",",,W","  310",",,W","33.1",",,W","40.9",",,W",,,,,"    1",",,W",,,,,,,,,,
"USW00014732","LAGUARDIA AIRPORT, NY US","40.77945","-73.88027","3.0","2022-07-17","7.16",",,W",,,"0.00","T,,W,2400","0.0",",,W,2400","0.0",",,W,2400","78","H,,S","84",",,W","73",",,W","  180",",,W","  180",",,W","16.1",",,W","19.9",",,W",,,,,,,,,,,,,,,,
"USW00014732","LAGUARDIA AIRPORT, NY US","40.77945","-73.88027","3.0","2022-07-18","10.29",",,W",,,"0.34",",,W,2400","0.0",",,W,2400","0.0",",,W,2400","79","H,,S","88",",,W","73",",,W","  270",",,W","  250",",,W","23.0",",,W","31.1",",,W","    1",",,W",,,"    1",",,W",,,,,,,"    1",",,W",,
"USW00014732","LAGUARDIA AIRPORT, NY US","40.77945","-73.88027","3.0","2022-07-19","12.53",",,W",,,"0.00",",,W,2400","0.0",",,W,2400","0.0",",,W,2400","83","H,,S","93",",,W","75",",,W","  260",",,W","  250",",,W","21.9",",,W","29.1",",,W",,,,,,,,,,,,,,,,
"USW00014732","LAGUARDIA AIRPORT, NY US","40.77945","-73.88027","3.0","2022-07-20","8.28",",,W",,,"0.00",",,W,2400","0.0",",,W,2400","0.0",",,W,2400","88","H,,S","97",",,W","80",",,W","  160",",,W","  160",",,W","21.0",",,W","25.1",",,W",,,,,,,,,,,,,,,,
"USW00014732","LAGUARDIA AIRPORT, NY US","40.77945","-73.88027","3.0","2022-07-21","10.51",",,W",,,"0.57",",,W,2400","0.0",",,W,2400","0.0",",,W,2400","86","H,,S","97",",,W","74",",,W","  320",",,W","   40",",,W","28.0",",,W","40.9",",,W","    1",",,W",,,"    1",",,W",,,,,,,,,,
"USW00014732","LAGUARDIA AIRPORT, NY US","40.77945","-73.88027","3.0","2022-07-22","7.83",",,W",,,"0.00","T,,W,2400","0.0",",,W,2400","0.0",",,W,2400","88","H,,S","96",",,W","79",",,W","  330",",,W","  300",",,W","21.0",",,W","31.1",",,W",,,,,,,,,,,,,,,,
"USW00014732","LAGUARDIA AIRPORT, NY US","40.77945","-73.88027","3.0","2022-07-23","7.83",",,W",,,"0.00",",,W,2400","0.0",",,W,2400","0.0",",,W,2400","87","H,,S","97",",,W","79",",,W","  190",",,W","  180",",,W","19.9",",,W","23.0",",,W",,,,,,,,,,,,,,,,
"USW00014732","LAGUARDIA AIRPORT, NY US","40.77945","-73.88027","3.0","2022-07-24","10.96",",,W",,,"0.00",",,W,2400","0.0",",,W,2400","0.0",",,W,2400","88","H,,S","98",",,W","82",",,W","  160",",,W","  170",",,W","21.0",",,W","25.1",",,W",,,,,,,,,,,,,,,,
"USW00014732","LAGUARDIA AIRPORT, NY US","40.77945","-73.88027","3.0","2022-07-25","10.51",",,W",,,"0.76",",,W,2400","0.0",",,W,2400","0.0",",,W,2400","86","H,,S","89",",,W","74",",,W","  310",",,W","  300",",,W","29.1",",,W","38.0",",,W",,,,,"    1",",,W",,,,,,,,,,
"USW00014732","LAGUARDIA AIRPORT, NY US","40.77945","-73.88027","3.0","2022-07-26","7.61",",,W",,,"0.00",",,W,2400","0.0",",,W,2400","0.0",",,W,2400","79","H,,S","82",",,W","72",",,W","   50",",,W","   50",",,W","21.9",",,W","25.9",",,W",,,,,,,,,,,,,,,,
"USW00014732","LAGUARDIA AIRPORT, NY US","40.77945","-73.88027","3.0","2022-07-27","8.05",",,W",,,"0.00",",,W,2400","0.0",",,W,2400","0.0",",,W,2400","78","H,,S","86",",,W","70",",,W","  190",",,W","  170",",,W","17.0",",,W","21.9",",,W",,,,,,,,,,,,,,,,
"USW00014732","LAGUARDIA AIRPORT, NY US","40.77945","-73.88027","3.0","2022-07-28","9.62",",,W",,,"0.08",",,W,2400","0.0",",,W,2400","0.0",",,W,2400","80","H,,S","88",",,W","75",",,W","  170",",,W","  180",",,W","21.0",",,W","23.9",",,W",,,,,"    1",",,W",,,,,,,,,,
"USW00014732","LAGUARDIA AIRPORT, NY US","40.77945","-73.88027","3.0","2022-07-29","7.83",",,W",,,"0.02",",,W,2400","0.0",",,W,2400","0.0",",,W,2400","83","H,,S","87",",,W","75",",,W","  270",",,W","  260",",,W","15.0",",,W","19.9",",,W",,,,,,,,,,,,,,,,
"USW00014732","LAGUARDIA AIRPORT, NY US","40.77945","-73.88027","3.0","2022-07-30","10.51",",,W",,,"0.00",",,W,2400","0.0",",,W,2400","0.0",",,W,2400","80","H,,S","88",",,W","74",",,W","  310",",,W","  320",",,W","19.9",",,W","25.9",",,W",,,,,,,,,,,,,,,,
"USW00014732","LAGUARDIA AIRPORT, NY US","40.77945","-73.88027","3.0","2022-07-31","7.61",",,W",,,"0.00","T,,W,2400","0.0",",,W,2400","0.0",",,W,2400","79","H,,S","87",",,W","72",",,W","  160",",,W","  160",",,W","16.1",",,W","21.0",",,W",,,,,,,,,,,,,,,,
"USW00014732","LAGUARDIA AIRPORT, NY US","40.77945","-73.88027","3.0","2022-08-01","6.93",",,W",,,"0.41",",,W,2400","0.0",",,W,2400","0.0",",,W,2400","74","H,,S","79",",,W","68",",,W","   60",",,W","   60",",,W","14.1",",,W","25.1",",,W","    1",",,W",,,,,,,,,,,"    1",",,W",,
"USW00014732","LAGUARDIA AIRPORT, NY US","40.77945","-73.88027","3.0","2022-08-02","8.05",",,W",,,"0.00",",,W,2400","0.0",",,W,2400","0.0",",,W,2400","80","H,,S","93",",,W","71",",,W","  250",",,W","  270",",,W","16.1",",,W","21.0",",,W",,,,,,,,,,,,,,,,
"USW00014732","LAGUARDIA AIRPORT, NY US","40.77945","-73.88027","3.0","2022-08-03","8.72",",,W",,,"0.00",",,W,2400","0.0",",,W,2400","0.0",",,W,2400","82","H,,S","92",",,W","74",",,W","  180",",,W","  160",",,W","17.0",",,W","21.9",",,W",,,,,,,,,,,,,,,,
"USW00014732","LAGUARDIA AIRPORT, NY US","40.77945","-73.88027","3.0","2022-08-04","9.40",",,W",,,"0.00",",,W,2400","0.0",",,W,2400","0.0",",W,W,2400","84","H,,S","94",",,W","79",",,W","  190",",,W","  190",",,W","23.0",",,W","28.0",",,W",,,,,,,,,,,,,,,,
"USW00014732","LAGUARDIA AIRPORT, NY US","40.77945","-73.88027","3.0","2022-08-05","8.05",",,W",,,"0.00",",,W,2400","0.0",",,W,2400","9.1",",W,W,2400","85","H,,S","94",",,W","80",",,W","  260",",,W","  250",",,W","17.0",",,W","21.9",",,W",,,,,,,,,,,,,,,,
"USW00014732","LAGUARDIA AIRPORT, NY US","40.77945","-73.88027","3.0","2022-08-06","9.40",",,W",,,"0.00",",,W,2400","0.0",",,W,2400","0.0",",,W,2400","85","H,,S","94",",,W","79",",,W","  220",",,W","  220",",,W","19.9",",,W","25.9",",,W",,,,,,,,,,,,,,,,
"USW00014732","LAGUARDIA AIRPORT, NY US","40.77945","-73.88027","3.0","2022-08-07","10.74",",,W",,,"0.61",",,W,2400","0.0",",,W,2400","0.0",",,W,2400","85","H,,S","93",",,W","77",",,W","  240",",,W","  200",",,W","23.0",",,W","33.1",",,W",,,,,"    1",",,W",,,,,,,,,,
"USW00014732","LAGUARDIA AIRPORT, NY US","40.77945","-73.88027","3.0","2022-08-08","12.30",",,W",,,"0.00",",,W,2400","0.0",",,W,2400","0.0",",,W,2400","87","H,,S","94",",,W","80",",,W","  160",",,W","  170",",,W","21.0",",,W","25.9",",,W",,,,,,,,,,,,,,,,
"USW00014732","LAGUARDIA AIRPORT, NY US","40.77945","-73.88027","3.0","2022-08-09","8.95",",,W",,,"0.05",",,W,2400","0.0",",,W,2400","0.0",",,W,2400","88","H,,S","98",",,W","80",",,W","  310",",,W","  310",",,W","29.1",",,W","38.0",",,W",,,,,"    1",",,W",,,,,,,,,,
"USW00014732","LAGUARDIA AIRPORT, NY US","40.77945","-73.88027","3.0","2022-08-10","8.50",",,W",,,"0.00",",,W,2400","0.0",",,W,2400","0.0",",,W,2400","81","H,,S","86",",,W","75",",,W","  180",",,W","   80",",,W","15.0",",,W","19.0",",,W",,,,,,,,,,,,,,,,
"USW00014732","LAGUARDIA AIRPORT, NY US","40.77945","-73.88027","3.0","2022-08-11","7.38",",,W",,,"0.13",",,W,2400","0.0",",,W,2400","0.0",",,W,2400","80","H,,S","91",",,W","74",",,W","  170",",,W","  260",",,W","17.0",",,W","19.9",",,W","    1",",,W",,,,,,,,,,,,,,
"USW00014732","LAGUARDIA AIRPORT, NY US","40.77945","-73.88027","3.0","2022-08-12","11.18",",,W",,,"0.00",",,W,2400","0.0",",,W,2400","0.0",",,W,2400","78","H,,S","85",",,W","72",",,W","   20",",,W","   10",",,W","19.9",",,W","25.1",",,W",,,,,,,,,,,,,,,,
"USW00014732","LAGUARDIA AIRPORT, NY US","40.77945","-73.88027","3.0","2022-08-13","8.95",",,W",,,"0.00",",,W,2400","0.0",",,W,2400","0.0",",,W,2400","74","H,,S","80",",,W","66",",,W","  360",",,W","  350",",,W","17.0",",,W","23.0",",,W",,,,,,,,,,,,,,,,
"USW00014732","LAGUARDIA AIRPORT, NY US","40.77945","-73.88027","3.0","2022-08-14","8.72",",,W",,,"0.00",",,W,2400","0.0",",,W,2400","0.0",",,W,2400","75","H,,S","83",",,W","70",",,W","  170",",,W","  170",",,W","21.0",",,W","25.1",",,W",,,,,,,,,,,,,,,,
"USW00014732","LAGUARDIA AIRPORT, NY US","40.77945","-73.88027","3.0","2022-08-15","6.49",",,W",,,"0.00",",,W,2400","0.0",",,W,2400","0.0",",,W,2400","76","H,,S","83",",,W","71",",,W","  130",",,W","   60",",,W","14.1",",,W","21.9",",,W",,,,,,,,,,,,,,,,
"USW00014732","LAGUARDIA AIRPORT, NY US","40.77945","-73.88027","3.0","2022-08-16","8.50",",,W",,,"0.00",",,W,2400","0.0",",,W,2400","0.0",",,W,2400","74","H,,S","84",",,W","67",",,W","   60",",,W","   60",",,W","18.1",",,W","23.9",",,W",,,,,,,,,,,,,,,,
"USW00014732","LAGUARDIA AIRPORT, NY US","40.77945","-73.88027","3.0","2022-08-17","6.71",",,W",,,"0.31",",,W,2400","0.0",",,W,2400","0.0",",,W,2400","74","H,,S","82",",,W","68",",,W","   60",",,W","   50",",,W","21.9",",,W","27.1",",,W",,,,,"    1",",,W",,,,,,,,,,
"USW00014732","LAGUARDIA AIRPORT, NY US","40.77945","-73.88027","3.0","2022-08-18","7.61",",,W",,,"0.00",",,W,2400","0.0",",,W,2400","0.0",",,W,2400","75","H,,S","88",",,W","68",",,W","  190",",,W","  260",",,W","16.1",",,W","21.0",",,W",,,,,,,,,,,,,,,,
"USW00014732","LAGUARDIA AIRPORT, NY US","40.77945","-73.88027","3.0","2022-08-19","8.05",",,W",,,"0.00",",,W,2400","0.0",",,W,2400","0.0",",,W,2400","79","H,,S","90",",,W","73",",,W","  180",",,W","  180",",,W","21.0",",,W","27.1",",,W",,,,,,,,,,,,,,,,
"USW00014732","LAGUARDIA AIRPORT, NY US","40.77945","-73.88027","3.0","2022-08-20","7.16",",,W",,,"0.00",",,W,2400","0.0",",,W,2400","0.0",",,W,2400","82","H,,S","91",",,W","76",",,W","  180",",,W","  170",",,W","19.9",",,W","25.1",",,W",,,,,,,,,,,,,,,,
"USW00014732","LAGUARDIA AIRPORT, NY US","40.77945","-73.88027","3.0","2022-08-21","8.72",",,W",,,"0.00",",,W,2400","0.0",",,W,2400","0.0",",,W,2400","78","H,,S","83",",,W","73",",,W","  140",",,W","  140",",,W","14.1",",,W","19.9",",,W",,,,,,,,,,,,,,,,
"USW00014732","LAGUARDIA AIRPORT, NY US","40.77945","-73.88027","3.0","2022-08-22","7.61",",,W",,,"0.24",",,W,2400","0.0",",,W,2400","0.0",",,W,2400","76","H,,S","81",",,W","73",",,W","  160",",,W","  160",",,W","17.0",",,W","21.0",",,W",,,,,"    1",",,W",,,,,,,,,,
"USW00014732","LAGUARDIA AIRPORT, NY US","40.77945","-73.88027","3.0","2022-08-23","8.72",",,W",,,"0.00","T,,W,2400","0.0",",,W,2400","0.0",",,W,2400","79","H,,S","88",",,W","73",",,W","  300",",,W","  290",",,W","21.0",",,W","25.9",",,W","    1",",,W",,,,,,,,,,,,,,
"USW00014732","LAGUARDIA AIRPORT, NY US","40.77945","-73.88027","3.0","2022-08-24","8.95",",,W",,,"0.00",",,W,2400","0.0",",,W,2400","0.0",",,W,2400","80","H,,S","90",",,W","74",",,W","  310",",,W","  260",",,W","15.0",",,W","21.0",",,W",,,,,,,,,,,,,,,,
"USW00014732","LAGUARDIA AIRPORT, NY US","40.77945","-73.88027","3.0","2022-08-25","7.38",",,W",,,"0.00",",,W,2400","0.0",",,W,2400","0.0",",,W,2400","83","H,,S","91",",,W","75",",,W","  170",",,W","  170",",,W","19.9",",,W","23.9",",,W",,,,,,,,,,,,,,,,
"USW00014732","LAGUARDIA AIRPORT, NY US","40.77945","-73.88027","3.0","2022-08-26","8.95",",,W",,,"0.28",",,W,2400","0.0",",,W,2400","0.0",",,W,2400","81","H,,S","88",",,W","78",",,W","  170",",,W","  190",",,W","21.0",",,W","25.1",",,W",,,,,"    1",",,W",,,,,,,,,,
"USW00014732","LAGUARDIA AIRPORT, NY US","40.77945","-73.88027","3.0","2022-08-27","6.71",",,W",,,"0.00",",,W,2400","0.0",",,W,2400","0.0",",,W,2400","82","H,,S","88",",,W","75",",,W","  160",",,W","   50",",,W","14.1",",,W","18.1",",,W",,,,,,,,,,,,,,,,
"USW00014732","LAGUARDIA AIRPORT, NY US","40.77945","-73.88027","3.0","2022-08-28","10.51",",,W",,,"0.00",",,W,2400","0.0",",,W,2400","0.0",",,W,2400","76","H,,S","80",",,W","73",",,W","   50",",,W","   50",",,W","16.1",",,W","21.9",",,W",,,,,,,,,,,,,,,,
"USW00014732","LAGUARDIA AIRPORT, NY US","40.77945","-73.88027","3.0","2022-08-29","10.29",",,W",,,"0.00","T,,W,2400","0.0",",,W,2400","0.0",",,W,2400","79","H,,S","87",",,W","75",",,W","  170",",,W","  180",",,W","21.9",",,W","27.1",",,W",,,,,,,,,,,,,,,,
"USW00014732","LAGUARDIA AIRPORT, NY US","40.77945","-73.88027","3.0","2022-08-30","11.41",",,W",,,"0.04",",,W,2400","0.0",",,W,2400","0.0",",,W,2400","80","H,,S","89",",,W","75",",,W","  180",",,W","  170",",,W","25.1",",,W","33.1",",,W",,,,,,,,,,,,,,,,
"USW00014732","LAGUARDIA AIRPORT, NY US","40.77945","-73.88027","3.0","2022-08-31","11.86",",,W",,,"0.00","T,,W,2400","0.0",",,W,2400","0.0",",,W,2400","78","H,,S","85",",,W","72",",,W","  300",",,W","  300",",,W","23.0",",,W","31.1",",,W",,,,,,,,,,,,,,,,
"USW00014732","LAGUARDIA AIRPORT, NY US","40.77945","-73.88027","3.0","2022-09-01","12.97",",,W",,,"0.00",",,W,2400","0.0",",,W,2400","0.0",",,W,2400","79","H,,S","86",",,W","69",",,W","  310",",,W","  300",",,W","19.9",",,W","27.1",",,W",,,,,,,,,,,,,,,,
"USW00014732","LAGUARDIA AIRPORT, NY US","40.77945","-73.88027","3.0","2022-09-02","9.84",",,W",,,"0.00",",,W,2400","0.0",",,W,2400","0.0",",,W,2400","71","H,,S","78",",,W","63",",,W","   40",",,W","   50",",,W","16.1",",,W","19.9",",,W",,,,,,,,,,,,,,,,
"USW00014732","LAGUARDIA AIRPORT, NY US","40.77945","-73.88027","3.0","2022-09-03","6.93",",,W",,,"0.00",",,W,2400","0.0",",,W,2400","0.0",",,W,2400","73","H,,S","82",",,W","68",",,W","  160",",,W","   70",",,W","14.1",",,W","19.0",",,W",,,,,,,,,,,,,,,,
"USW00014732","LAGUARDIA AIRPORT, NY US","40.77945","-73.88027","3.0","2022-09-04","6.71",",,W",,,"0.00","T,,W,2400","0.0",",,W,2400","0.0",",,W,2400","78","H,,S","89",",,W","73",",,W","  160",",,W","  160",",,W","17.0",",,W","19.9",",,W",,,,,,,,,,,,,,,,
"USW00014732","LAGUARDIA AIRPORT, NY US","40.77945","-73.88027","3.0","2022-09-05","8.72",",,W",,,"0.01",",,W,2400","0.0",",,W,2400","0.0",",,W,2400","78","H,,S","87",",,W","74",",,W","  180",",,W","  170",",,W","18.1",",,W","23.0",",,W",,,,,,,,,,,,,,,,
"USW00014732","LAGUARDIA AIRPORT, NY US","40.77945","-73.88027","3.0","2022-09-06","8.50",",,W",,,"1.16",",,W,2400","0.0",",,W,2400","0.0",",,W,2400","74","H,,S","76",",,W","68",",,W","   60",",,W","   70",",,W","23.0",",,W","28.0",",,W","    1",",,W",,,,,,,,,,,"    1",",,W",,
"USW00014732","LAGUARDIA AIRPORT, NY US","40.77945","-73.88027","3.0","2022-09-07","13.42",",,W",,,"0.00",",,W,2400","0.0",",,W,2400","0.0",",,W,2400","69","H,,S","74",",,W","67",",,W","   60",",,W","   60",",,W","23.9",",,W","29.1",",,W",,,,,,,,,,,,,"    1",",,W",,
"USW00014732","LAGUARDIA AIRPORT, NY US","40.77945","-73.88027","3.0","2022-09-08","7.83",",,W",,,"0.00",",,W,2400","0.0",",,W,2400","0.0",",,W,2400","71","H,,S","78",",,W","65",",,W","   70",",,W","   50",",,W","16.1",",,W","21.0",",,W",,,,,,,,,,,,,,,,
"USW00014732","LAGUARDIA AIRPORT, NY US","40.77945","-73.88027","3.0","2022-09-09","8.95",",,W",,,"0.00",",,W,2400","0.0",",,W,2400","0.0",",,W,2400","71","H,,S","81",",,W","64",",,W","   50",",,W","   60",",,W","14.1",",,W","21.9",",,W",,,,,,,,,,,,,,,,
"USW00014732","LAGUARDIA AIRPORT, NY US","40.77945","-73.88027","3.0","2022-09-10","6.04",",,W",,,"0.00",",,W,2400","0.0",",,W,2400","0.0",",,W,2400","74","H,,S","86",",,W","68",",,W","  190",",,W","  140",",,W","15.0",",,W","19.9",",,W",,,,,,,,,,,,,,,,
"USW00014732","LAGUARDIA AIRPORT, NY US","40.77945","-73.88027","3.0","2022-09-11","5.82",",,W",,,"0.27",",,W,2400","0.0",",,W,2400","0.0",",,W,2400","74","H,,S","77",",,W","67",",,W","   50",",,W","   60",",,W","10.1",",,W","17.0",",,W","    1",",,W",,,,,,,,,,,,,,
"USW00014732","LAGUARDIA AIRPORT, NY US","40.77945","-73.88027","3.0","2022-09-12","6.71",",,W",,,"0.93",",,W,2400","0.0",",,W,2400","0.0",",,W,2400","72","H,,S","82",",,W","69",",,W","  170",",,W","   60",",,W","13.0",",,W","18.1",",,W","    1",",,W",,,"    1",",,W",,,,,,,,,,
"USW00014732","LAGUARDIA AIRPORT, NY US","40.77945","-73.88027","3.0","2022-09-13","9.62",",,W",,,"1.69",",,W,2400","0.0",",,W,2400","0.0",",,W,2400","76","H,,S","84",",,W","68",",,W","  260",",,W","  250",",,W","21.9",",,W","30.0",",,W","    1",",,W",,,"    1",",,W",,,,,,,,,,
"USW00014732","LAGUARDIA AIRPORT, NY US","40.77945","-73.88027","3.0","2022-09-14","11.63",",,W",,,"0.00",",,W,2400","0.0",",,W,2400","0.0",",,W,2400","73","H,,S","80",",,W","65",",,W","  310",",,W","  310",",,W","19.9",",,W","25.9",",,W",,,,,,,,,,,,,,,,
"USW00014732","LAGUARDIA AIRPORT, NY US","40.77945","-73.88027","3.0","2022-09-15","10.74",",,W",,,"0.00",",,W,2400","0.0",",,W,2400","0.0",",,W,2400","71","H,,S","74",",,W","65",",,W","  330",",,W","  340",",,W","23.9",",,W","29.1",",,W",,,,,,,,,,,,,,,,
"USW00014732","LAGUARDIA AIRPORT, NY US","40.77945","-73.88027","3.0","2022-09-16","5.82",",,W",,,"0.00",",,W,2400","0.0",",,W,2400","0.0",",,W,2400","67","H,,S","77",",,W","59",",,W","   50",",,W","   60",",,W","12.1",",,W","14.1",",,W",,,,,,,,,,,,,,,,
"USW00014732","LAGUARDIA AIRPORT, NY US","40.77945","-73.88027","3.0","2022-09-17","9.40",",,W",,,"0.00",",,W,2400","0.0",",,W,2400","0.0",",,W,2400","69","H,,S","74",",,W","65",",,W","  210",",,W","   50",",,W","14.1",",,W","23.0",",,W",,,,,,,,,,,,,,,,
"USW00014732","LAGUARDIA AIRPORT, NY US","40.77945","-73.88027","3.0","2022-09-18","11.18",",,W",,,"0.00",",,W,2400","0.0",",,W,2400","0.0",",,W,2400","74","H,,S","85",",,W","68",",,W","  240",",,W","  230",",,W","19.9",",,W","25.1",",,W",,,,,,,,,,,,,,,,
"USW00014732","LAGUARDIA AIRPORT, NY US","40.77945","-73.88027","3.0","2022-09-19","9.62",",,W",,,"0.07",",,W,2400","0.0",",,W,2400","0.0",",,W,2400","78","H,,S","86",",,W","71",",,W","  270",",,W","  260",",,W","30.0",",,W","36.9",",,W",,,,,"    1",",,W",,,,,,,,,,
"USW00014732","LAGUARDIA AIRPORT, NY US","40.77945","-73.88027","3.0","2022-09-20","11.63",",,W",,,"0.00",",,W,2400","0.0",",,W,2400","0.0",",,W,2400","74","H,,S","79",",,W","69",",,W","  290",",,W","  290",",,W","23.0",",,W","29.1",",,W",,,,,,,,,,,,,,,,
"USW00014732","LAGUARDIA AIRPORT, NY US","40.77945","-73.88027","3.0","2022-09-21","7.38",",,W",,,"0.00",",,W,2400","0.0",",,W,2400","0.0",",,W,2400","72","H,,S","81",",,W","65",",,W","  170",",,W","  170",",,W","18.1",",,W","21.0",",,W",,,,,,,,,,,,,,,,
"USW00014732","LAGUARDIA AIRPORT, NY US","40.77945","-73.88027","3.0","2022-09-22","13.87",",,W",,,"0.17",",,W,2400","0.0",",,W,2400","0.0",",,W,2400","71","H,,S","78",",,W","58",",,W","  310",",,W","  310",",,W","29.1",",,W","38.0",",,W",,,,,"    1",",,W",,,,,,,,,,
"USW00014732","LAGUARDIA AIRPORT, NY US","40.77945","-73.88027","3.0","2022-09-23","19.69",",,W",,,"0.00",",,W,2400","0.0",",,W,2400","0.0",",,W,2400","59","H,,S","64",",,W","52",",,W","  310",",,W","  340",",,W","29.1",",,W","36.0",",,W",,,,,,,,,,,,,,,,
"USW00014732","LAGUARDIA AIRPORT, NY US","40.77945","-73.88027","3.0","2022-09-24","9.62",",,W",,,"0.00",",,W,2400","0.0",",,W,2400","0.0",",,W,2400","58","H,,S","71",",,W","51",",,W","  330",",,W","  330",",,W","19.9",",,W","25.1",",,W",,,,,,,,,,,,,,,,
"USW00014732","LAGUARDIA AIRPORT, NY US","40.77945","-73.88027","3.0","2022-09-25","9.62",",,W",,,"0.78",",,W,2400","0.0",",,W,2400","0.0",",,W,2400","67","H,,S","77",",,W","61",",,W","  260",",,W","  270",",,W","23.9",",,W","32.0",",,W","    1",",,W",,,"    1",",,W",,,,,,,,,,
"USW00014732","LAGUARDIA AIRPORT, NY US","40.77945","-73.88027","3.0","2022-09-26","10.96",",,W",,,"0.00",",,W,2400","0.0",",,W,2400","0.0",",,W,2400","67","H,,S","78",",,W","60",",,W","  220",",,W","  260",",,W","19.9",",,W","30.0",",,W",,,,,,,,,,,,,,,,
"USW00014732","LAGUARDIA AIRPORT, NY US","40.77945","-73.88027","3.0","2022-09-27","9.62",",,W",,,"0.00",",,W,2400","0.0",",,W,2400","0.0",",,W,2400","67","H,,S","71",",,W","62",",,W","  270",",,W","  270",",,W","19.9",",,W","25.9",",,W",,,,,,,,,,,,,,,,
"USW00014732","LAGUARDIA AIRPORT, NY US","40.77945","-73.88027","3.0","2022-09-28","10.07",",,W",,,"0.00","T,,W,2400","0.0",",,W,2400","0.0",",,W,2400","63","H,,S","70",",,W","55",",,W","  360",",,W","   10",",,W","16.1",",,W","21.9",",,W",,,,,,,,,,,,,,,,
"USW00014732","LAGUARDIA AIRPORT, NY US","40.77945","-73.88027","3.0","2022-09-29","11.41",",,W",,,"0.00",",,W,2400","0.0",",,W,2400","0.0",",,W,2400","62","H,,S","67",",,W","56",",,W","   20",",,W","   20",",,W","19.9",",,W","25.1",",,W",,,,,,,,,,,,,,,,
"USW00014732","LAGUARDIA AIRPORT, NY US","40.77945","-73.88027","3.0","2022-09-30","12.53",",,W",,,"0.00",",,W,2400","0.0",",,W,2400","0.0",",,W,2400","58","H,,S","64",",,W","53",",,W","   70",",,W","   60",",,W","19.9",",,W","23.0",",,W",,,,,,,,,,,,,,,,
"USW00014732","LAGUARDIA AIRPORT, NY US","40.77945","-73.88027","3.0","2022-10-01","17.45",",,W",,,"0.66",",,W,2400","0.0",",,W,2400","0.0",",,W,2400","59","H,,S","63",",,W","53",",,W","   50",",,W","   50",",,W","30.0",",,W","36.0",",,W","    1",",,W",,,,,,,,,,,,,,
"USW00014732","LAGUARDIA AIRPORT, NY US","40.77945","-73.88027","3.0","2022-10-02","22.82",",,W",,,"0.07",",,W,2400","0.0",",,W,2400","0.0",",,W,2400","59","H,,S","62",",,W","53",",,W","   50",",,W","   50",",,W","36.0",",,W","47.0",",,W",,,,,,,,,,,,,,,,
"USW00014732","LAGUARDIA AIRPORT, NY US","40.77945","-73.88027","3.0","2022-10-03","18.79",",,W",,,"0.45",",,W,2400","0.0",",,W,2400","0.0",",,W,2400","53","H,,S","55",",,W","49",",,W","   40",",,W","   40",",,W","29.1",",,W","36.0",",,W",,,,,,,,,,,,,,,,
"USW00014732","LAGUARDIA AIRPORT, NY US","40.77945","-73.88027","3.0","2022-10-04","15.66",",,W",,,"1.77",",,W,2400","0.0",",,W,2400","0.0",",,W,2400","51","H,,S","59",",,W","46",",,W","   30",",,W","   40",",,W","23.0",",,W","30.0",",,W","    1",",,W",,,"    1",",,W",,,,,,,"    1",",,W",,
"USW00014732","LAGUARDIA AIRPORT, NY US","40.77945","-73.88027","3.0","2022-10-05","10.74",",,W",,,"0.42",",,W,2400","0.0",",,W,2400","0.0",",,W,2400","57","H,,S","59",",,W","54",",,W","  350",",,W","  350",",,W","16.1",",,W","21.9",",,W","    1",",,W",,,"    1",",,W",,,,,,,,,,
"USW00014732","LAGUARDIA AIRPORT, NY US","40.77945","-73.88027","3.0","2022-10-06","3.80",",,W",,,"0.00",",,W,2400","0.0",",,W,2400","0.0",",,W,2400","64","H,,S","76",",,W","57",",,W","  320",",,W","   20",",,W","12.1",",,W","14.1",",,W",,,,,,,,,,,,,,,,
"USW00014732","LAGUARDIA AIRPORT, NY US","40.77945","-73.88027","3.0","2022-10-07","8.72",",,W",,,"0.00","T,,W,2400","0.0",",,W,2400","0.0",",,W,2400","69","H,,S","78",",,W","59",",,W","  320",",,W","  320",",,W","21.0",",,W","25.1",",,W",,,,,,,,,,,,,,,,
"USW00014732","LAGUARDIA AIRPORT, NY US","40.77945","-73.88027","3.0","2022-10-08","10.74",",,W",,,"0.02",",,W,2400","0.0",",,W,2400","0.0",",,W,2400","57","H,,S","59",",,W","50",",,W","  320",",,W","  320",",,W","21.9",",,W","25.9",",,W",,,,,,,,,,,,,,,,
"USW00014732","LAGUARDIA AIRPORT, NY US","40.77945","-73.88027","3.0","2022-10-09","7.83",",,W",,,"0.00",",,W,2400","0.0",",,W,2400","0.0",",,W,2400","54","H,,S","64",",,W","46",",,W","  260",",,W","  300",",,W","17.0",",,W","23.9",",,W",,,,,,,,,,,,,,,,
"USW00014732","LAGUARDIA AIRPORT, NY US","40.77945","-73.88027","3.0","2022-10-10","7.38",",,W",,,"0.00",",,W,2400","0.0",",,W,2400","0.0",",,W,2400","60","H,,S","69",",,W","53",",,W","  270",",,W","  250",",,W","16.1",",,W","23.0",",,W",,,,,,,,,,,,,,,,
"USW00014732","LAGUARDIA AIRPORT, NY US","40.77945","-73.88027","3.0","2022-10-11","5.59",",,W",,,"0.00",",,W,2400","0.0",",,W,2400","0.0",",,W,2400","63","H,,S","72",",,W","54",",,W","  180",",,W","  180",",,W","14.1",",,W","18.1",",,W",,,,,,,,,,,,,,,,
"USW00014732","LAGUARDIA AIRPORT, NY US","40.77945","-73.88027","3.0","2022-10-12","7.83",",,W",,,"0.00",",,W,2400","0.0",",,W,2400","0.0",",,W,2400","64","H,,S","70",",,W","58",",,W","  170",",,W","  180",",,W","21.0",",,W","25.9",",,W",,,,,,,,,,,,,,,,
"USW00014732","LAGUARDIA AIRPORT, NY US","40.77945","-73.88027","3.0","2022-10-13","12.30",",,W",,,"0.78",",,W,2400","0.0",",,W,2400","0.0",",,W,2400","66","H,,S","71",",,W","55",",,W","  300",",,W","  170",",,W","25.1",",,W","32.0",",,W","    1",",,W",,,"    1",",,W",,,,,,,,,,
"USW00014732","LAGUARDIA AIRPORT, NY US","40.77945","-73.88027","3.0","2022-10-14","8.28",",,W",,,"0.20",",,W,2400","0.0",",,W,2400","0.0",",,W,2400","60","H,,S","69",",,W","53",",,W","  310",",,W","  310",",,W","19.9",",,W","25.9",",,W","    1",",,W",,,,,,,,,,,,,,
"USW00014732","LAGUARDIA AIRPORT, NY US","40.77945","-73.88027","3.0","2022-10-15","8.05",",,W",,,"0.00",",,W,2400","0.0",",,W,2400","0.0",",,W,2400","61","H,,S","69",",,W","53",",,W","  180",",,W","  190",",,W","21.9",",,W","28.0",",,W",,,,,,,,,,,,,,,,
"USW00014732","LAGUARDIA AIRPORT, NY US","40.77945","-73.88027","3.0","2022-10-16","4.25",",,W",,,"0.00",",,W,2400","0.0",",,W,2400","0.0",",,W,2400","61","H,,S","67",",,W","54",",,W","  360",",,W","  220",",,W","12.1",",,W","14.1",",,W",,,,,,,,,,,,,,,,
"USW00014732","LAGUARDIA AIRPORT, NY US","40.77945","-73.88027","3.0","2022-10-17","7.61",",,W",,,"0.13",",,W,2400","0.0",",,W,2400","0.0",",,W,2400","62","H,,S","68",",,W","57",",,W","  310",",,W","  160",",,W","17.0",",,W","21.9",",,W","    1",",,W",,,,,,,,,,,,,,
"USW00014732","LAGUARDIA AIRPORT, NY US","40.77945","-73.88027","3.0","2022-10-18","10.96",",,W",,,"0.00","T,,W,2400","0.0",",,W,2400","0.0",",,W,2400","55","H,,S","58",",,W","49",",,W","  300",",,W","  300",",,W","19.9",",,W","25.9",",,W",,,,,,,,,,,,,,,,
"USW00014732","LAGUARDIA AIRPORT, NY US","40.77945","-73.88027","3.0","2022-10-19","11.18",",,W",,,"0.00",",,W,2400","0.0",",,W,2400","0.0",",,W,2400","50","H,,S","55",",,W","44",",,W","  220",",,W","  230",",,W","21.0",",,W","29.1",",,W",,,,,,,,,,,,,,,,
"USW00014732","LAGUARDIA AIRPORT, NY US","40.77945","-73.88027","3.0","2022-10-20","12.30",",,W",,,"0.00",",,W,2400","0.0",",,W,2400","0.0",",,W,2400","52","H,,S","60",",,W","45",",,W","  220",",,W","  240",",,W","21.9",",,W","29.1",",,W",,,,,,,,,,,,,,,,
"USW00014732","LAGUARDIA AIRPORT, NY US","40.77945","-73.88027","3.0","2022-10-21","5.37",",,W",,,"0.00",",,W,2400","0.0",",,W,2400","0.0",",,W,2400","56","H,,S","64",",,W","49",",,W","  270",",,W","  280",",,W","14.1",",,W","17.0",",,W",,,,,,,,,,,,,,,,
"USW00014732","LAGUARDIA AIRPORT, NY US","40.77945","-73.88027","3.0","2022-10-22","4.47",",,W",,,"0.00",",,W,2400","0.0",",,W,2400","0.0",",,W,2400","58","H,,S","67",",,W","50",",,W","  160",",,W","  170",",,W","13.0",",,W","16.1",",,W",,,,,,,,,,,,,,,,
"USW00014732","LAGUARDIA AIRPORT, NY US","40.77945","-73.88027","3.0","2022-10-23","13.42",",,W",,,"0.00","T,,W,2400","0.0",",,W,2400","0.0",",,W,2400","58","H,,S","62",",,W","56",",,W","   40",",,W","   50",",,W","23.0",",,W","30.0",",,W",,,,,,,,,,,,,,,,
"USW00014732","LAGUARDIA AIRPORT, NY US","40.77945","-73.88027","3.0","2022-10-24","13.20",",,W",,,"0.46",",,W,2400","0.0",",,W,2400","0.0",",,W,2400","57","H,,S","62",",,W","55",",,W","   60",",,W","   60",",,W","21.9",",,W","25.9",",,W","    1",",,W",,,,,,,,,,,"    1",",,W",,
"USW00014732","LAGUARDIA AIRPORT, NY US","40.77945","-73.88027","3.0","2022-10-25","7.38",",,W",,,"0.01",",,W,2400","0.0",",,W,2400","0.0",",,W,2400","62","H,,S","67",",,W","61",",,W","   50",",,W","   40",",,W","14.1",",,W","16.1",",,W","    1",",,W","    1",",,W",,,,,,,,,,,,
"USW00014732","LAGUARDIA AIRPORT, NY US","40.77945","-73.88027","3.0","2022-10-26","6.49",",,W",,,"0.00","T,,W,2400","0.0",",,W,2400","0.0",",,W,2400","65","H,,S","74",",,W","62",",,W","  260",",,W","  270",",,W","18.1",",,W","25.1",",,W","    1",",,W","    1",",,W",,,,,,,,,"    1",",,W",,
"USW00014732","LAGUARDIA AIRPORT, NY US","40.77945","-73.88027","3.0","2022-10-27","13.87",",,W",,,"0.00",",,W,2400","0.0",",,W,2400","0.0",",,W,2400","62","H,,S","65",",,W","52",",,W","  320",",,W","  320",",,W","23.0",",,W","29.1",",,W",,,,,,,,,,,,,,,,
"USW00014732","LAGUARDIA AIRPORT, NY US","40.77945","-73.88027","3.0","2022-10-28","10.51",",,W",,,"0.00",",,W,2400","0.0",",,W,2400","0.0",",,W,2400","52","H,,S","58",",,W","46",",,W","   40",",,W","   60",",,W","21.0",",,W","27.1",",,W",,,,,,,,,,,,,,,,
"USW00014732","LAGUARDIA AIRPORT, NY US","40.77945","-73.88027","3.0","2022-10-29","5.82",",,W",,,"0.00",",,W,2400","0.0",",,W,2400","0.0",",,W,2400","51","H,,S","59",",,W","45",",,W","   50",",,W","   70",",,W","14.1",",,W","18.1",",,W",,,,,,,,,,,,,,,,
"USW00014732","LAGUARDIA AIRPORT, NY US","40.77945","-73.88027","3.0","2022-10-30","3.80",",,W",,,"0.00",",,W,2400","0.0",",,W,2400","0.0",",,W,2400","54","H,,S","64",",,W","47",",,W","   50",",,W","   70",",,W","8.9",",,W","15.0",",,W",,,,,,,,,,,,,,,,
"USW00014732","LAGUARDIA AIRPORT, NY US","40.77945","-73.88027","3.0","2022-10-31","6.04",",,W",,,"0.07",",,W,2400","0.0",",,W,2400","0.0",",,W,2400","58","H,,S","66",",,W","52",",,W","  220",",,W","  210",",,W","13.0",",,W","17.0",",,W",,,,,,,,,,,,,,,,
"USW00014732","LAGUARDIA AIRPORT, NY US","40.77945","-73.88027","3.0","2022-11-01","8.72",",,W",,,"0.16",",,W,2400","0.0",",,W,2400","0.0",",,W,2400","62","H,,S","67",",,W","59",",,W","  300",",,W","  300",",,W","15.0",",,W","19.0",",,W","    1",",,W",,,,,,,,,,,,,,
"USW00014732","LAGUARDIA AIRPORT, NY US","40.77945","-73.88027","3.0","2022-11-02","6.04",",,W",,,"0.00",",,W,2400","0.0",",,W,2400","0.0",",,W,2400","64","H,,S","71",",,W","57",",,W","   40",",,W","   40",",,W","15.0",",,W","19.9",",,W",,,,,,,,,,,,,,,,
"USW00014732","LAGUARDIA AIRPORT, NY US","40.77945","-73.88027","3.0","2022-11-03","5.14",",,W",,,"0.00",",,W,2400","0.0",",,W,2400","0.0",",,W,2400","60","H,,S","68",",,W","53",",,W","  120",",,W","   90",",,W","12.1",",,W","16.1",",,W",,,,,,,,,,,,,,,,
"USW00014732","LAGUARDIA AIRPORT, NY US","40.77945","-73.88027","3.0","2022-11-04","6.04",",,W",,,"0.00",",,W,2400","0.0",",,W,2400","0.0",",,W,2400","59","H,,S","72",",,W","52",",,W","  180",",,W","  190",",,W","15.0",",,W","18.1",",,W","    1",",,W","    1",",,W",,,,,,,,,"    1",",,W",,
"USW00014732","LAGUARDIA AIRPORT, NY US","40.77945","-73.88027","3.0","2022-11-05","10.51",",,W",,,"0.00",",,W,2400","0.0",",,W,2400","0.0",",,W,2400","67","H,,S","75",",,W","63",",,W","  170",",,W","  170",",,W","21.0",",,W","27.1",",,W",,,,,,,,,,,,,,,,
"USW00014732","LAGUARDIA AIRPORT, NY US","40.77945","-73.88027","3.0","2022-11-06","7.83",",,W",,,"0.01",",,W,2400","0.0",",,W,2400","0.0",",,W,2400","68","H,,S","75",",,W","63",",,W","  160",",,W","  170",",,W","15.0",",,W","19.0",",,W",,,,,,,,,,,,,,,,
"USW00014732","LAGUARDIA AIRPORT, NY US","40.77945","-73.88027","3.0","2022-11-07","12.97",",,W",,,"0.02",",,W,2400","0.0",",,W,2400","0.0",",,W,2400","70","H,,S","78",",,W","56",",,W","  330",",,W","  330",",,W","25.1",",,W","33.1",",,W",,,,,,,,,,,,,,,,
"USW00014732","LAGUARDIA AIRPORT, NY US","40.77945","-73.88027","3.0","2022-11-08","13.65",",,W",,,"0.00",",,W,2400","0.0",",,W,2400","0.0",",,W,2400","56","H,,S","58",",,W","47",",,W","  360",",,W","   20",",,W","21.9",",,W","28.0",",,W",,,,,,,,,,,,,,,,
"USW00014732","LAGUARDIA AIRPORT, NY US","40.77945","-73.88027","3.0","2022-11-09","7.38",",,W",,,"0.00",",,W,2400","0.0",",,W,2400","0.0",",,W,2400","48","H,,S","54",",,W","41",",,W","  360",",,W","   20",",,W","16.1",",,W","21.9",",,W",,,,,,,,,,,,,,,,
"USW00014732","LAGUARDIA AIRPORT, NY US","40.77945","-73.88027","3.0","2022-11-10","5.82",",,W",,,"0.00",",,W,2400","0.0",",,W,2400","0.0",",,W,2400","55","H,,S","67",",,W","48",",,W","  160",",,W","  160",",,W","14.1",",,W","16.1",",,W",,,,,,,,,,,,,,,,
"USW00014732","LAGUARDIA AIRPORT, NY US","40.77945","-73.88027","3.0","2022-11-11","9.40",",,W",,,"1.23",",,W,2400","0.0",",,W,2400","0.0",",,W,2400","62","H,,S","69",",,W","57",",,W","  190",",,W","  200",",,W","28.0",",,W","38.9",",,W","    1",",,W",,,,,,,,,,,,,,
"USW00014732","LAGUARDIA AIRPORT, NY US","40.77945","-73.88027","3.0","2022-11-12","12.30",",,W",,,"0.09",",,W,2400","0.0",",,W,2400","0.0",",,W,2400","67","H,,S","69",",,W","61",",,W","  170",",,W","  300",",,W","25.9",",,W","33.1",",,W","    1",",,W",,,,,,,,,,,,,,
"USW00014732","LAGUARDIA AIRPORT, NY US","40.77945","-73.88027","3.0","2022-11-13","15.43",",,W",,,"0.02",",,W,2400","0.0",",,W,2400","0.0",",,W,2400","55","H,,S","62",",,W","43",",,W","  300",",,W","  290",",,W","25.9",",,W","34.0",",,W",,,,,,,,,,,,,,,,
"USW00014732","LAGUARDIA AIRPORT, NY US","40.77945","-73.88027","3.0","2022-11-14","13.20",",,W",,,"0.00",",,W,2400","0.0",",,W,2400","0.0",",,W,2400","43","H,,S","46",",,W","38",",,W","  310",",,W","  320",",,W","25.1",",,W","34.0",",,W",,,,,,,,,,,,,,,,
"USW00014732","LAGUARDIA AIRPORT, NY US","40.77945","-73.88027","3.0","2022-11-15","12.53",",,W",,,"0.49",",,W,2400","0.0",",,W,2400","0.0",",,W,2400","41","H,,S","48",",,W","36",",,W","   60",",,W","   60",",,W","29.1",",,W","36.0",",,W","    1",",,W",,,,,,,,,,,,,,
"USW00014732","LAGUARDIA AIRPORT, NY US","40.77945","-73.88027","3.0","2022-11-16","17.00",",,W",,,"0.20",",,W,2400","0.0",",,W,2400","0.0",",,W,2400","45","H,,S","51",",,W","39",",,W","   60",",,W","   60",",,W","29.1",",,W","36.0",",,W","    1",",,W",,,,,,,,,,,,,,
"USW00014732","LAGUARDIA AIRPORT, NY US","40.77945","-73.88027","3.0","2022-11-17","15.66",",,W",,,"0.00",",,W,2400","0.0",",,W,2400","0.0",",,W,2400","42","H,,S","47",",,W","39",",,W","  260",",,W","  270",",,W","25.9",",,W","33.1",",,W",,,,,,,,,,,,,,,,
"USW00014732","LAGUARDIA AIRPORT, NY US","40.77945","-73.88027","3.0","2022-11-18","16.11",",,W",,,"0.00",",,W,2400","0.0",",,W,2400","0.0",",,W,2400","40","H,,S","44",",,W","36",",,W","  230",",,W","  250",",,W","25.1",",,W","33.1",",,W",,,,,,,,,,,,,,,,
"USW00014732","LAGUARDIA AIRPORT, NY US","40.77945","-73.88027","3.0","2022-11-19","11.18",",,W",,,"0.00",",,W,2400","0.0",",,W,2400","0.0",",,W,2400","37","H,,S","41",",,W","32",",,W","  270",",,W","  260",",,W","21.0",",,W","29.1",",,W",,,,,,,,,,,,,,,,
"USW00014732","LAGUARDIA AIRPORT, NY US","40.77945","-73.88027","3.0","2022-11-20","18.34",",,W",,,"0.00",",,W,2400","0.0",",,W,2400","0.0",",,W,2400","37","H,,S","40",",,W","31",",,W","  280",",,W","  280",",,W","32.0",",,W","42.1",",,W",,,,,,,,,,,,,,,,
"USW00014732","LAGUARDIA AIRPORT, NY US","40.77945","-73.88027","3.0","2022-11-21","11.41",",,W",,,"0.00",",,W,2400","0.0",",,W,2400","0.0",",,W,2400","34","H,,S","42",",,W","29",",,W","  210",",,W","  240",",,W","23.0",",,W","32.0",",,W",,,,,,,,,,,,,"    1",",,W",,
"USW00014732","LAGUARDIA AIRPORT, NY US","40.77945","-73.88027","3.0","2022-11-22","8.95",",,W",,,"0.00",",,W,2400","0.0",",,W,2400","0.0",",,W,2400","44","H,,S","51",",,W","39",",,W","  240",",,W","  230",",,W","17.0",",,W","23.0",",,W",,,,,,,,,,,,,,,,
"USW00014732","LAGUARDIA AIRPORT, NY US","40.77945","-73.88027","3.0","2022-11-23","7.61",",,W",,,"0.00",",,W,2400","0.0",",,W,2400","0.0",",,W,2400","49","H,,S","55",",,W","43",",,W","  300",",,W","  300",",,W","16.1",",,W","21.0",",,W",,,,,,,,,,,,,,,,
"USW00014732","LAGUARDIA AIRPORT, NY US","40.77945","-73.88027","3.0","2022-11-24","6.26",",,W",,,"0.00",",,W,2400","0.0",",,W,2400","0.0",",,W,2400","47","H,,S","53",",,W","41",",,W","  170",",,W","  170",",,W","13.0",",,W","15.0",",,W",,,,,,,,,,,,,,,,
"USW00014732","LAGUARDIA AIRPORT, NY US","40.77945","-73.88027","3.0","2022-11-25","13.42",",,W",,,"0.00","T,,W,2400","0.0",",,W,2400","0.0",",,W,2400","50","H,,S","56",",,W","47",",,W","  320",",,W","  320",",,W","32.0",",,W","40.0",",,W",,,,,,,,,,,,,,,,
"USW00014732","LAGUARDIA AIRPORT, NY US","40.77945","-73.88027","3.0","2022-11-26","13.20",",,W",,,"0.00",",,W,2400","0.0",",,W,2400","0.0",",,W,2400","49","H,,S","57",",,W","44",",,W","  320",",,W","  320",",,W","28.0",",,W","33.1",",,W",,,,,,,,,,,,,,,,
"USW00014732","LAGUARDIA AIRPORT, NY US","40.77945","-73.88027","3.0","2022-11-27","10.74",",,W",,,"0.54",",,W,2400","0.0",",,W,2400","0.0",",,W,2400","51","H,,S","61",",,W","49",",,W","  260",",,W","  270",",,W","25.9",",,W","35.1",",,W","    1",",,W",,,,,,,,,,,"    1",",,W",,
"USW00014732","LAGUARDIA AIRPORT, NY US","40.77945","-73.88027","3.0","2022-11-28","16.11",",,W",,,"0.00","T,,W,2400","0.0",",,W,2400","0.0",",,W,2400","54","H,,S","56",",,W","42",",,W","  260",",,W","  250",",,W","30.0",",,W","36.9",",,W",,,,,,,,,,,,,,,,
"USW00014732","LAGUARDIA AIRPORT, NY US","40.77945","-73.88027","3.0","2022-11-29","6.04",",,W",,,"0.00",",,W,2400","0.0",",,W,2400","0.0",",,W,2400","42","H,,S","44",",,W","38",",,W","  330",",,W","   60",",,W","13.0",",,W","19.9",",,W",,,,,,,,,,,,,,,,
"USW00014732","LAGUARDIA AIRPORT, NY US","40.77945","-73.88027","3.0","2022-11-30","14.54",",,W",,,"0.43",",,W,2400","0.0",",,W,2400","0.0",",,W,2400","47","H,,S","59",",,W","39",",,W","  180",",,W","  180",",,W","36.0",",,W","48.1",",,W","    1",",,W",,,,,,,,,,,,,,
"USW00014732","LAGUARDIA AIRPORT, NY US","40.77945","-73.88027","3.0","2022-12-01","17.00",",,W",,,"0.00",",,W,2400","0.0",",,W,2400","0.0",",,W,2400","42","H,,S","44",",,W","36",",,W","  290",",,W","  310",",,W","28.0",",,W","34.0",",,W",,,,,,,,,,,,,,,,
"USW00014732","LAGUARDIA AIRPORT, NY US","40.77945","-73.88027","3.0","2022-12-02","6.71",",,W",,,"0.00",",,W,2400","0.0",",,W,2400","0.0",",,W,2400","38","H,,S","45",",,W","34",",,W","  290",",,W","  290",",,W","17.0",",,W","19.9",",,W",,,,,,,,,,,,,,,,
"USW00014732","LAGUARDIA AIRPORT, NY US","40.77945","-73.88027","3.0","2022-12-03","12.97",",,W",,,"0.41",",,W,2400","0.0",",,W,2400","0.0",",,W,2400","51","H,,S","59",",,W","45",",,W","  310",",,W","  290",",,W","29.1",",,W","42.1",",,W","    1",",,W",,,,,,,,,,,,,,
"USW00014732","LAGUARDIA AIRPORT, NY US","40.77945","-73.88027","3.0","2022-12-04","9.62",",,W",,,"0.00",",,W,2400","0.0",",,W,2400","0.0",",,W,2400","45","H,,S","46",",,W","39",",,W","  320",",,W","  300",",,W","23.0",",,W","31.1",",,W",,,,,,,,,,,,,,,,
"USW00014732","LAGUARDIA AIRPORT, NY US","40.77945","-73.88027","3.0","2022-12-05","5.37",",,W",,,"0.00",",,W,2400","0.0",",,W,2400","0.0",",,W,2400","42","H,,S","47",",,W","36",",,W","  170",",,W","  170",",,W","12.1",",,W","15.0",",,W",,,,,,,,,,,,,,,,
"USW00014732","LAGUARDIA AIRPORT, NY US","40.77945","-73.88027","3.0","2022-12-06","10.29",",,W",,,"0.78",",,W,2400","0.0",",,W,2400","0.0",",,W,2400","49","H,,S","60",",,W","41",",,W","  160",",,W","  180",",,W","23.0",",,W","32.0",",,W","    1",",,W",,,,,,,,,,,"    1",",,W",,
"USW00014732","LAGUARDIA AIRPORT, NY US","40.77945","-73.88027","3.0","2022-12-07","8.50",",,W",,,"0.36",",,W,2400","0.0",",,W,2400","0.0",",,W,2400","57","H,,S","59",",,W","55",",,W","  170",",,W","  170",",,W","23.0",",,W","30.0",",,W","    1",",,W",,,,,,,,,,,,,,
"USW00014732","LAGUARDIA AIRPORT, NY US","40.77945","-73.88027","3.0","2022-12-08","11.63",",,W",,,"0.00",",,W,2400","0.0",",,W,2400","0.0",",,W,2400","53","H,,S","56",",,W","42",",,W","  360",",,W","  330",",,W","19.9",",,W","25.1",",,W",,,,,,,,,,,,,,,,
"USW00014732","LAGUARDIA AIRPORT, NY US","40.77945","-73.88027","3.0","2022-12-09","11.18",",,W",,,"0.00",",,W,2400","0.0",",,W,2400","0.0",",,W,2400","42","H,,S","45",",,W","36",",,W","  350",",,W","  330",",,W","17.0",",,W","23.9",",,W",,,,,,,,,,,,,,,,
"USW00014732","LAGUARDIA AIRPORT, NY US","40.77945","-73.88027","3.0","2022-12-10","10.51",",,W",,,"0.00",",,W,2400","0.0",",,W,2400","0.0",",,W,2400","36","H,,S","39",",,W","31",",,W","   40",",,W","   50",",,W","19.9",",,W","25.1",",,W",,,,,,,,,,,,,,,,
"USW00014732","LAGUARDIA AIRPORT, NY US","40.77945","-73.88027","3.0","2022-12-11","12.75",",,W",,,"0.25",",,W,2400","0.1",",,W,2400","0.0",",,W,2400","38","H,,S","41",",,W","33",",,W","   60",",,W","   60",",,W","21.0",",,W","23.9",",,W","    1",",,W",,,,,,,,,,,,,,
"USW00014732","LAGUARDIA AIRPORT, NY US","40.77945","-73.88027","3.0","2022-12-12","11.63",",,W",,,"0.00","T,,W,2400","0.3",",,W,2400","0.0","T,,W,2400","35","H,,S","38",",,W","30",",,W","  330",",,W","  360",",,W","21.0",",,W","25.1",",,W","    1",",,W",,,,,,,,,,,,,,
"USW00014732","LAGUARDIA AIRPORT, NY US","40.77945","-73.88027","3.0","2022-12-13","11.41",",,W",,,"0.00",",,W,2400","0.0",",,W,2400","0.0",",,W,2400","33","H,,S","41",",,W","27",",,W","  310",",,W","  350",",,W","19.9",",,W","23.9",",,W",,,,,,,,,,,,,,,,
"USW00014732","LAGUARDIA AIRPORT, NY US","40.77945","-73.88027","3.0","2022-12-14","13.42",",,W",,,"0.00",",,W,2400","0.0",",,W,2400","0.0",",,W,2400","35","H,,S","40",",,W","32",",,W","  300",",,W","  300",",,W","21.0",",,W","28.0",",,W",,,,,,,,,,,,,,,,
"USW00014732","LAGUARDIA AIRPORT, NY US","40.77945","-73.88027","3.0","2022-12-15","14.09",",,W",,,"0.59",",,W,2400","0.0",",,W,2400","0.0",",,W,2400","37","H,,S","44",",,W","33",",,W","   70",",,W","   70",",,W","29.1",",,W","36.9",",,W",,,,,,,,,,,,,,,,
"USW00014732","LAGUARDIA AIRPORT, NY US","40.77945","-73.88027","3.0","2022-12-16","20.36",",,W",,,"0.54",",,W,2400","0.0",",,W,2400","0.0",",,W,2400","43","H,,S","47",",,W","39",",,W","   70",",,W","   50",",,W","30.0",",,W","38.9",",,W","    1",",,W",,,,,,,,,,,,,,
"USW00014732","LAGUARDIA AIRPORT, NY US","40.77945","-73.88027","3.0","2022-12-17","14.99",",,W",,,"0.00",",,W,2400","0.0",",,W,2400","0.0",",,W,2400","41","H,,S","45",",,W","37",",,W","  270",",,W","  260",",,W","23.0",",,W","29.1",",,W",,,,,,,,,,,,,,,,
"USW00014732","LAGUARDIA AIRPORT, NY US","40.77945","-73.88027","3.0","2022-12-18","14.09",",,W",,,"0.00",",,W,2400","0.0",",,W,2400","0.0",",,W,2400","38","H,,S","40",",,W","34",",,W","  270",",,W","  280",",,W","23.9",",,W","32.0",",,W",,,,,,,,,,,,,,,,
"USW00014732","LAGUARDIA AIRPORT, NY US","40.77945","-73.88027","3.0","2022-12-19","16.11",",,W",,,"0.00",",,W,2400","0.0",",,W,2400","0.0",",,W,2400","35","H,,S","39",",,W","32",",,W","  310",",,W","  310",",,W","29.1",",,W","34.0",",,W",,,,,,,,,,,,,,,,
"USW00014732","LAGUARDIA AIRPORT, NY US","40.77945","-73.88027","3.0","2022-12-20","11.63",",,W",,,"0.00",",,W,2400","0.0",",,W,2400","0.0",",,W,2400","35","H,,S","40",",,W","32",",,W","  330",",,W","  320",",,W","21.0",",,W","25.9",",,W",,,,,,,,,,,,,,,,
"USW00014732","LAGUARDIA AIRPORT, NY US","40.77945","-73.88027","3.0","2022-12-21","4.70",",,W",,,"0.00",",,W,2400","0.0",",,W,2400","0.0",",,W,2400","34","H,,S","41",",,W","29",",,W","   50",",,W","   70",",,W","8.9",",,W","15.0",",,W",,,,,,,,,,,,,,,,
"USW00014732","LAGUARDIA AIRPORT, NY US","40.77945","-73.88027","3.0","2022-12-22","13.42",",,W",,,"0.21",",,W,2400","0.0",",,W,2400","0.0",",,W,2400","39","H,,S","47",",,W","34",",,W","   60",",,W","   60",",,W","28.0",",,W","35.1",",,W","    1",",,W",,,,,,,,,,,,,,
"USW00014732","LAGUARDIA AIRPORT, NY US","40.77945","-73.88027","3.0","2022-12-23","24.38",",,W",,,"0.95",",,W,2400","0.0","T,,W,2400","0.0",",,W,2400","45","H,,S","59",",,W","9",",,W","  140",",,W","  270",",,W","38.9",",,W","55.9",",,W","    1",",,W",,,"    1",",,W","    1",",,W",,,,,"    1",",,W",,
"USW00014732","LAGUARDIA AIRPORT, NY US","40.77945","-73.88027","3.0","2022-12-24","19.69",",,W",,,"0.00",",,W,2400","0.0",",,W,2400","0.0",",,W,2400","11","H,,S","16",",,W","7",",,W","  260",",,W","  260",",,W","33.1",",,W","42.1",",,W",,,,,,,,,,,,,,,,
"USW00014732","LAGUARDIA AIRPORT, NY US","40.77945","-73.88027","3.0","2022-12-25","16.55",",,W",,,"0.00",",,W,2400","0.0",",,W,2400","0.0",",,W,2400","20","H,,S","28",",,W","15",",,W","  260",",,W","  260",",,W","25.1",",,W","34.0",",,W",,,,,,,,,,,,,,,,
"USW00014732","LAGUARDIA AIRPORT, NY US","40.77945","-73.88027","3.0","2022-12-26","11.86",",,W",,,"0.00",",,W,2400","0.0",",,W,2400","0.0",",,W,2400","24","H,,S","30",",,W","19",",,W","  270",",,W","  270",",,W","21.9",",,W","28.0",",,W",,,,,,,,,,,,,,,,
"USW00014732","LAGUARDIA AIRPORT, NY US","40.77945","-73.88027","3.0","2022-12-27","9.84",",,W",,,"0.00",",,W,2400","0.0",",,W,2400","0.0",",,W,2400","31","H,,S","35",",,W","29",",,W","  270",",,W","  280",",,W","17.0",",,W","23.9",",,W",,,,,,,,,,,,,,,,
"USW00014732","LAGUARDIA AIRPORT, NY US","40.77945","-73.88027","3.0","2022-12-28","7.61",",,W",,,"0.00",",,W,2400","0.0",",,W,2400","0.0",",,W,2400","38","H,,S","47",",,W","33",",,W","  230",",,W","  220",",,W","17.0",",,W","23.9",",,W",,,,,,,,,,,,,,,,
"USW00014732","LAGUARDIA AIRPORT, NY US","40.77945","-73.88027","3.0","2022-12-29","7.61",",,W",,,"0.00",",,W,2400","0.0",",,W,2400","0.0",",,W,2400","44","H,,S","51",",,W","38",",,W","  220",",,W","  220",",,W","14.1",",,W","16.1",",,W",,,,,,,,,,,,,,,,
"USW00014732","LAGUARDIA AIRPORT, NY US","40.77945","-73.88027","3.0","2022-12-30","5.59",",,W",,,"0.00",",,W,2400","0.0",",,W,2400","0.0",",,W,2400","49","H,,S","60",",,W","38",",,W","  210",",,W","  210",",,W","13.0",",,W","17.0",",,W",,,,,,,,,,,,,,,,
"USW00014732","LAGUARDIA AIRPORT, NY US","40.77945","-73.88027","3.0","2022-12-31","4.70",",,W",,,"0.31",",,W,2400","0.0",",,W,2400","0.0",",,W,2400","47","H,,S","55",",,W","42",",,W","  220",",,W","  230",",,W","10.1",",,W","15.0",",,W","    1",",,W","    1",",,W",,,,,,,,,"    1",",,W",,
